"Season_End_Year","Squad","Comp","Team_or_Opponent","Num_Players","Mins_Per_90","Att","Live_Pass","Dead_Pass","FK_Pass","TB_Pass","Sw_Pass","Crs_Pass","TI_Pass","CK_Pass","In_Corner","Out_Corner","Str_Corner","Cmp_Outcomes","Off_Outcomes","Blocks_Outcomes","Url"
2025,"Alavés","La Liga","team",29,38,14746,12723,1946,537,45,99,798,834,182,61,90,6,10534,77,368,"https://fbref.com/en/squads/8d6fd021/2024-2025/Alaves-Stats"
2025,"Alavés","La Liga","opponent",29,38,18138,15935,2139,672,52,139,722,913,177,62,61,1,14251,64,340,"https://fbref.com/en/squads/8d6fd021/2024-2025/Alaves-Stats"
2025,"Angers","Ligue 1","team",30,34,14057,12474,1514,422,53,69,575,594,129,52,54,4,11082,69,256,"https://fbref.com/en/squads/69236f98/2024-2025/Angers-Stats"
2025,"Angers","Ligue 1","opponent",30,34,20419,18893,1500,434,52,113,719,641,160,76,66,0,17341,26,298,"https://fbref.com/en/squads/69236f98/2024-2025/Angers-Stats"
2025,"Arsenal","Premier League","team",25,38,20241,18608,1553,432,80,74,766,598,251,211,3,2,17066,80,278,"https://fbref.com/en/squads/18bb7c10/2024-2025/Arsenal-Stats"
2025,"Arsenal","Premier League","opponent",25,38,15255,13697,1520,461,47,74,534,526,118,70,25,2,12192,38,251,"https://fbref.com/en/squads/18bb7c10/2024-2025/Arsenal-Stats"
2025,"Aston Villa","Premier League","team",28,38,17797,16044,1698,583,95,58,604,497,230,148,24,1,14701,55,346,"https://fbref.com/en/squads/8602292d/2024-2025/Aston-Villa-Stats"
2025,"Aston Villa","Premier League","opponent",28,38,17377,15839,1445,441,66,96,683,474,172,112,30,5,14438,93,276,"https://fbref.com/en/squads/8602292d/2024-2025/Aston-Villa-Stats"
2025,"Atalanta","Serie A","team",32,38,20998,19273,1671,455,48,117,778,714,194,85,75,1,17454,54,326,"https://fbref.com/en/squads/922493f3/2024-2025/Atalanta-Stats"
2025,"Atalanta","Serie A","opponent",32,38,16956,15197,1709,474,63,51,458,664,124,59,39,1,13516,50,298,"https://fbref.com/en/squads/922493f3/2024-2025/Atalanta-Stats"
2025,"Athletic Club","La Liga","team",31,38,17375,15511,1796,472,48,116,772,836,193,73,81,1,13665,68,300,"https://fbref.com/en/squads/2b390eca/2024-2025/Athletic-Club-Stats"
2025,"Athletic Club","La Liga","opponent",31,38,18891,16899,1908,528,52,139,592,796,155,54,61,1,14953,84,323,"https://fbref.com/en/squads/2b390eca/2024-2025/Athletic-Club-Stats"
2025,"Atlético Madrid","La Liga","team",24,38,21418,19514,1832,463,76,112,675,789,190,67,65,0,17826,72,388,"https://fbref.com/en/squads/db3b9613/2024-2025/Atletico-Madrid-Stats"
2025,"Atlético Madrid","La Liga","opponent",24,38,19538,17845,1656,460,33,124,656,664,144,41,56,0,16246,37,304,"https://fbref.com/en/squads/db3b9613/2024-2025/Atletico-Madrid-Stats"
2025,"Augsburg","Bundesliga","team",29,34,14936,13228,1649,415,32,48,578,699,156,63,61,1,11577,59,362,"https://fbref.com/en/squads/0cdc4311/2024-2025/Augsburg-Stats"
2025,"Augsburg","Bundesliga","opponent",29,34,19055,17433,1565,386,62,100,712,667,172,85,49,4,15484,57,345,"https://fbref.com/en/squads/0cdc4311/2024-2025/Augsburg-Stats"
2025,"Auxerre","Ligue 1","team",29,34,14162,12617,1497,451,34,168,542,584,134,49,65,0,11002,48,287,"https://fbref.com/en/squads/5ae09109/2024-2025/Auxerre-Stats"
2025,"Auxerre","Ligue 1","opponent",29,34,19181,17456,1642,423,104,89,660,704,202,92,87,1,15891,83,305,"https://fbref.com/en/squads/5ae09109/2024-2025/Auxerre-Stats"
2025,"Barcelona","La Liga","team",28,38,25721,23787,1869,621,130,133,709,712,265,104,47,1,22321,65,371,"https://fbref.com/en/squads/206d90db/2024-2025/Barcelona-Stats"
2025,"Barcelona","La Liga","opponent",28,38,11890,10010,1699,417,62,135,482,636,149,62,57,1,8511,181,317,"https://fbref.com/en/squads/206d90db/2024-2025/Barcelona-Stats"
2025,"Bayern Munich","Bundesliga","team",29,34,25733,24287,1390,366,129,125,612,588,220,127,25,1,22755,56,335,"https://fbref.com/en/squads/054efa67/2024-2025/Bayern-Munich-Stats"
2025,"Bayern Munich","Bundesliga","opponent",29,34,12083,10634,1405,345,24,49,334,513,88,48,32,1,9140,44,278,"https://fbref.com/en/squads/054efa67/2024-2025/Bayern-Munich-Stats"
2025,"Betis","La Liga","team",36,38,19284,17322,1906,613,60,153,627,778,197,82,68,0,15770,56,376,"https://fbref.com/en/squads/fc536746/2024-2025/Real-Betis-Stats"
2025,"Betis","La Liga","opponent",36,38,17627,15754,1781,466,51,107,683,756,162,73,62,3,13910,92,339,"https://fbref.com/en/squads/fc536746/2024-2025/Real-Betis-Stats"
2025,"Bochum","Bundesliga","team",27,34,14230,12544,1623,348,40,38,679,711,165,106,53,0,10281,63,368,"https://fbref.com/en/squads/b42c6323/2024-2025/Bochum-Stats"
2025,"Bochum","Bundesliga","opponent",27,34,17796,16058,1675,500,55,88,595,675,185,88,58,6,14057,63,368,"https://fbref.com/en/squads/b42c6323/2024-2025/Bochum-Stats"
2025,"Bologna","Serie A","team",30,38,19336,17378,1895,663,42,138,756,771,191,57,93,0,15681,63,307,"https://fbref.com/en/squads/1d8099f8/2024-2025/Bologna-Stats"
2025,"Bologna","Serie A","opponent",30,38,14028,12108,1869,578,41,56,421,755,121,45,50,1,10464,51,336,"https://fbref.com/en/squads/1d8099f8/2024-2025/Bologna-Stats"
2025,"Bournemouth","Premier League","team",29,38,16900,15136,1694,430,59,78,832,686,228,166,18,4,12977,70,314,"https://fbref.com/en/squads/4ba7cbea/2024-2025/Bournemouth-Stats"
2025,"Bournemouth","Premier League","opponent",29,38,18037,16003,1992,569,68,59,601,800,184,103,44,4,14072,42,372,"https://fbref.com/en/squads/4ba7cbea/2024-2025/Bournemouth-Stats"
2025,"Brentford","Premier League","team",28,38,17100,15453,1584,386,69,71,674,602,174,139,2,0,13358,63,288,"https://fbref.com/en/squads/cd051869/2024-2025/Brentford-Stats"
2025,"Brentford","Premier League","opponent",28,38,18708,17074,1576,363,63,74,793,615,242,131,61,4,15047,58,331,"https://fbref.com/en/squads/cd051869/2024-2025/Brentford-Stats"
2025,"Brest","Ligue 1","team",30,34,16021,14404,1575,485,41,133,641,614,142,71,62,0,12678,42,292,"https://fbref.com/en/squads/fb08dbb3/2024-2025/Brest-Stats"
2025,"Brest","Ligue 1","opponent",30,34,17260,15604,1597,453,56,109,639,638,167,74,71,1,14071,59,313,"https://fbref.com/en/squads/fb08dbb3/2024-2025/Brest-Stats"
2025,"Brighton","Premier League","team",32,38,19188,17527,1615,482,77,76,704,605,188,107,48,7,15820,46,310,"https://fbref.com/en/squads/d07537b9/2024-2025/Brighton-and-Hove-Albion-Stats"
2025,"Brighton","Premier League","opponent",32,38,17647,15881,1678,460,53,82,543,634,182,130,23,4,14240,88,334,"https://fbref.com/en/squads/d07537b9/2024-2025/Brighton-and-Hove-Albion-Stats"
2025,"Cagliari","Serie A","team",28,38,15802,13897,1840,481,25,60,758,749,181,38,135,0,12092,65,334,"https://fbref.com/en/squads/c4260e09/2024-2025/Cagliari-Stats"
2025,"Cagliari","Serie A","opponent",28,38,19649,17808,1769,540,62,71,692,690,190,74,85,1,16100,72,261,"https://fbref.com/en/squads/c4260e09/2024-2025/Cagliari-Stats"
2025,"Celta Vigo","La Liga","team",30,38,21253,19376,1810,502,89,149,501,782,149,52,62,1,17798,67,365,"https://fbref.com/en/squads/f25da7fb/2024-2025/Celta-Vigo-Stats"
2025,"Celta Vigo","La Liga","opponent",30,38,18445,16682,1688,504,57,102,667,680,159,69,53,1,14946,75,323,"https://fbref.com/en/squads/f25da7fb/2024-2025/Celta-Vigo-Stats"
2025,"Chelsea","Premier League","team",29,38,21320,19613,1642,516,79,95,663,587,234,121,37,8,18033,65,304,"https://fbref.com/en/squads/cff3d9bb/2024-2025/Chelsea-Stats"
2025,"Chelsea","Premier League","opponent",29,38,16240,14557,1595,461,55,59,543,583,139,81,36,1,13008,88,297,"https://fbref.com/en/squads/cff3d9bb/2024-2025/Chelsea-Stats"
2025,"Como","Serie A","team",38,38,19183,17335,1783,597,52,93,568,726,167,41,70,0,15917,65,358,"https://fbref.com/en/squads/28c9c3cd/2024-2025/Como-Stats"
2025,"Como","Serie A","opponent",38,38,16090,14221,1795,532,40,132,571,730,146,65,63,1,12785,74,293,"https://fbref.com/en/squads/28c9c3cd/2024-2025/Como-Stats"
2025,"Crystal Palace","Premier League","team",29,38,15754,14066,1614,440,71,59,605,621,171,115,18,0,11875,74,302,"https://fbref.com/en/squads/47c64c55/2024-2025/Crystal-Palace-Stats"
2025,"Crystal Palace","Premier League","opponent",29,38,21227,19439,1741,473,66,78,716,717,214,135,44,7,17325,47,399,"https://fbref.com/en/squads/47c64c55/2024-2025/Crystal-Palace-Stats"
2025,"Dortmund","Bundesliga","team",28,34,20321,18695,1583,431,67,93,698,659,191,105,51,3,17077,43,320,"https://fbref.com/en/squads/add600ae/2024-2025/Dortmund-Stats"
2025,"Dortmund","Bundesliga","opponent",28,34,14210,12657,1460,353,44,74,551,593,134,62,45,0,10934,93,313,"https://fbref.com/en/squads/add600ae/2024-2025/Dortmund-Stats"
2025,"Eint Frankfurt","Bundesliga","team",26,34,17138,15585,1496,398,48,64,539,582,168,103,46,0,13925,57,305,"https://fbref.com/en/squads/f0ac8ee6/2024-2025/Eintracht-Frankfurt-Stats"
2025,"Eint Frankfurt","Bundesliga","opponent",26,34,17664,15994,1571,377,67,73,677,642,172,67,75,2,14160,99,335,"https://fbref.com/en/squads/f0ac8ee6/2024-2025/Eintracht-Frankfurt-Stats"
2025,"Empoli","Serie A","team",34,38,13916,11976,1883,502,34,71,620,786,170,63,60,1,10093,57,312,"https://fbref.com/en/squads/a3d88bd8/2024-2025/Empoli-Stats"
2025,"Empoli","Serie A","opponent",34,38,19935,17913,1983,601,48,93,714,848,194,80,84,1,16105,39,317,"https://fbref.com/en/squads/a3d88bd8/2024-2025/Empoli-Stats"
2025,"Espanyol","La Liga","team",27,38,13996,12245,1690,484,51,97,619,647,144,35,77,2,10580,61,285,"https://fbref.com/en/squads/a8661628/2024-2025/Espanyol-Stats"
2025,"Espanyol","La Liga","opponent",27,38,21580,19688,1839,529,49,143,858,759,227,97,95,5,17987,53,350,"https://fbref.com/en/squads/a8661628/2024-2025/Espanyol-Stats"
2025,"Everton","Premier League","team",26,38,14953,13245,1627,424,30,83,682,678,154,101,24,11,11405,81,295,"https://fbref.com/en/squads/d3fd31cc/2024-2025/Everton-Stats"
2025,"Everton","Premier League","opponent",26,38,21623,19822,1750,489,68,106,731,708,229,146,42,7,17944,51,304,"https://fbref.com/en/squads/d3fd31cc/2024-2025/Everton-Stats"
2025,"Fiorentina","Serie A","team",34,38,17510,15677,1745,600,27,99,588,626,148,66,40,1,14193,88,283,"https://fbref.com/en/squads/421387cf/2024-2025/Fiorentina-Stats"
2025,"Fiorentina","Serie A","opponent",34,38,17215,15466,1706,508,33,91,639,680,157,72,54,0,13849,43,276,"https://fbref.com/en/squads/421387cf/2024-2025/Fiorentina-Stats"
2025,"Freiburg","Bundesliga","team",26,34,16460,14973,1426,362,34,56,589,597,132,79,39,0,12892,61,317,"https://fbref.com/en/squads/a486e511/2024-2025/Freiburg-Stats"
2025,"Freiburg","Bundesliga","opponent",26,34,17514,16046,1425,356,35,83,604,624,147,80,43,0,14111,43,328,"https://fbref.com/en/squads/a486e511/2024-2025/Freiburg-Stats"
2025,"Fulham","Premier League","team",26,38,19753,18077,1633,437,43,119,894,636,203,88,87,1,16199,43,337,"https://fbref.com/en/squads/fd962109/2024-2025/Fulham-Stats"
2025,"Fulham","Premier League","opponent",26,38,18069,16368,1618,445,75,96,632,613,172,122,26,3,14692,83,310,"https://fbref.com/en/squads/fd962109/2024-2025/Fulham-Stats"
2025,"Genoa","Serie A","team",37,38,15727,13887,1785,514,42,57,663,716,155,58,83,0,12025,55,330,"https://fbref.com/en/squads/658bf2de/2024-2025/Genoa-Stats"
2025,"Genoa","Serie A","opponent",37,38,18823,16947,1817,527,38,83,682,766,202,71,73,0,15111,59,346,"https://fbref.com/en/squads/658bf2de/2024-2025/Genoa-Stats"
2025,"Getafe","La Liga","team",30,38,12922,10790,2042,579,23,116,721,927,147,55,69,1,8695,90,262,"https://fbref.com/en/squads/7848bd64/2024-2025/Getafe-Stats"
2025,"Getafe","La Liga","opponent",30,38,18284,16088,2111,659,52,111,626,910,147,66,45,1,13966,85,364,"https://fbref.com/en/squads/7848bd64/2024-2025/Getafe-Stats"
2025,"Girona","La Liga","team",30,38,21401,19598,1724,484,39,128,804,706,186,91,67,1,18273,79,338,"https://fbref.com/en/squads/9024a00a/2024-2025/Girona-Stats"
2025,"Girona","La Liga","opponent",30,38,16818,15144,1630,488,40,84,607,626,166,61,62,2,13798,44,260,"https://fbref.com/en/squads/9024a00a/2024-2025/Girona-Stats"
2025,"Gladbach","Bundesliga","team",26,34,17507,15877,1565,385,80,69,617,632,158,67,71,0,14148,65,362,"https://fbref.com/en/squads/32f3ee20/2024-2025/Monchengladbach-Stats"
2025,"Gladbach","Bundesliga","opponent",26,34,17850,16292,1501,378,48,67,750,650,180,89,55,0,14473,57,325,"https://fbref.com/en/squads/32f3ee20/2024-2025/Monchengladbach-Stats"
2025,"Heidenheim","Bundesliga","team",27,34,14684,12981,1653,413,20,77,581,703,140,69,47,0,11127,50,330,"https://fbref.com/en/squads/18d9d2a7/2024-2025/Heidenheim-Stats"
2025,"Heidenheim","Bundesliga","opponent",27,34,19390,17744,1614,414,69,66,634,711,166,85,63,1,15818,32,382,"https://fbref.com/en/squads/18d9d2a7/2024-2025/Heidenheim-Stats"
2025,"Hellas Verona","Serie A","team",32,38,13457,11789,1613,403,28,91,562,641,152,68,64,1,9854,55,283,"https://fbref.com/en/squads/0e72edf2/2024-2025/Hellas-Verona-Stats"
2025,"Hellas Verona","Serie A","opponent",32,38,21566,19534,1984,604,48,93,687,814,201,79,91,0,17933,48,311,"https://fbref.com/en/squads/0e72edf2/2024-2025/Hellas-Verona-Stats"
2025,"Hoffenheim","Bundesliga","team",35,34,16506,14841,1595,405,38,65,732,702,157,57,62,3,12827,70,337,"https://fbref.com/en/squads/033ea6b8/2024-2025/Hoffenheim-Stats"
2025,"Hoffenheim","Bundesliga","opponent",35,34,17470,15827,1602,437,66,99,626,651,189,74,72,1,14007,41,342,"https://fbref.com/en/squads/033ea6b8/2024-2025/Hoffenheim-Stats"
2025,"Holstein Kiel","Bundesliga","team",27,34,13961,12298,1619,409,30,58,482,667,120,58,46,1,10537,44,293,"https://fbref.com/en/squads/2ac661d9/2024-2025/Holstein-Kiel-Stats"
2025,"Holstein Kiel","Bundesliga","opponent",27,34,18342,16528,1752,432,53,86,852,795,224,115,67,0,14775,62,305,"https://fbref.com/en/squads/2ac661d9/2024-2025/Holstein-Kiel-Stats"
2025,"Inter","Serie A","team",26,38,22592,20929,1573,442,86,132,751,635,221,58,125,1,19412,90,299,"https://fbref.com/en/squads/d609edc0/2024-2025/Internazionale-Stats"
2025,"Inter","Serie A","opponent",26,38,15118,13487,1593,492,25,105,581,536,140,57,55,0,12179,38,278,"https://fbref.com/en/squads/d609edc0/2024-2025/Internazionale-Stats"
2025,"Ipswich Town","Premier League","team",32,38,14775,13146,1577,434,44,60,505,572,145,111,18,1,11524,52,300,"https://fbref.com/en/squads/b74092de/2024-2025/Ipswich-Town-Stats"
2025,"Ipswich Town","Premier League","opponent",32,38,21940,20230,1668,459,82,104,778,680,249,136,31,6,18380,42,301,"https://fbref.com/en/squads/b74092de/2024-2025/Ipswich-Town-Stats"
2025,"Juventus","Serie A","team",29,38,21231,19605,1574,411,48,101,630,664,190,92,68,0,18259,52,283,"https://fbref.com/en/squads/e0652b02/2024-2025/Juventus-Stats"
2025,"Juventus","Serie A","opponent",29,38,15648,13854,1755,505,28,83,679,677,172,89,57,2,12602,39,315,"https://fbref.com/en/squads/e0652b02/2024-2025/Juventus-Stats"
2025,"Las Palmas","La Liga","team",34,38,18209,16234,1916,558,49,117,674,782,160,54,72,4,14352,59,321,"https://fbref.com/en/squads/0049d422/2024-2025/Las-Palmas-Stats"
2025,"Las Palmas","La Liga","opponent",34,38,17854,15927,1828,472,69,118,740,812,198,86,63,3,14104,99,350,"https://fbref.com/en/squads/0049d422/2024-2025/Las-Palmas-Stats"
2025,"Lazio","Serie A","team",27,38,19521,17715,1760,522,72,118,864,670,229,123,57,0,16400,46,288,"https://fbref.com/en/squads/7213da33/2024-2025/Lazio-Stats"
2025,"Lazio","Serie A","opponent",27,38,16062,14421,1607,449,30,94,655,606,168,74,68,0,13007,34,291,"https://fbref.com/en/squads/7213da33/2024-2025/Lazio-Stats"
2025,"Le Havre","Ligue 1","team",31,34,14115,12577,1488,442,24,82,695,572,131,89,31,0,11125,50,274,"https://fbref.com/en/squads/5c2737db/2024-2025/Le-Havre-Stats"
2025,"Le Havre","Ligue 1","opponent",31,34,18901,17311,1546,413,59,84,687,645,186,84,75,1,15963,44,285,"https://fbref.com/en/squads/5c2737db/2024-2025/Le-Havre-Stats"
2025,"Lecce","Serie A","team",31,38,15087,13201,1834,507,36,84,628,754,165,64,78,0,11490,52,301,"https://fbref.com/en/squads/ffcbe334/2024-2025/Lecce-Stats"
2025,"Lecce","Serie A","opponent",31,38,19450,17577,1792,486,51,103,775,732,229,87,69,0,15740,81,329,"https://fbref.com/en/squads/ffcbe334/2024-2025/Lecce-Stats"
2025,"Leganés","La Liga","team",26,38,14840,13035,1721,500,48,91,495,653,113,46,46,0,11207,84,252,"https://fbref.com/en/squads/7c6f2c78/2024-2025/Leganes-Stats"
2025,"Leganés","La Liga","opponent",26,38,20203,18149,2007,568,52,128,879,865,242,101,101,2,16312,47,335,"https://fbref.com/en/squads/7c6f2c78/2024-2025/Leganes-Stats"
2025,"Leicester City","Premier League","team",32,38,17486,15728,1695,449,52,47,621,664,139,86,29,4,13945,63,319,"https://fbref.com/en/squads/a2d435b3/2024-2025/Leicester-City-Stats"
2025,"Leicester City","Premier League","opponent",32,38,21079,19351,1667,453,60,133,751,686,230,130,48,1,17576,61,363,"https://fbref.com/en/squads/a2d435b3/2024-2025/Leicester-City-Stats"
2025,"Lens","Ligue 1","team",33,34,18173,16605,1484,396,59,78,706,628,186,87,71,0,14837,84,346,"https://fbref.com/en/squads/fd4e0f7d/2024-2025/Lens-Stats"
2025,"Lens","Ligue 1","opponent",33,34,15716,14079,1605,554,37,51,473,602,127,52,36,0,12550,32,307,"https://fbref.com/en/squads/fd4e0f7d/2024-2025/Lens-Stats"
2025,"Leverkusen","Bundesliga","team",23,34,21589,19979,1546,409,67,114,735,622,216,115,47,0,18301,64,320,"https://fbref.com/en/squads/c7a9f859/2024-2025/Bayer-Leverkusen-Stats"
2025,"Leverkusen","Bundesliga","opponent",23,34,14768,13319,1386,368,39,63,443,533,116,61,45,1,11597,63,255,"https://fbref.com/en/squads/c7a9f859/2024-2025/Bayer-Leverkusen-Stats"
2025,"Lille","Ligue 1","team",27,34,19728,18220,1460,415,42,101,535,602,168,50,70,1,16765,48,308,"https://fbref.com/en/squads/cb188c0c/2024-2025/Lille-Stats"
2025,"Lille","Ligue 1","opponent",27,34,14644,13118,1471,443,37,97,482,584,142,66,51,0,11769,55,256,"https://fbref.com/en/squads/cb188c0c/2024-2025/Lille-Stats"
2025,"Liverpool","Premier League","team",24,38,21758,19998,1700,448,69,128,729,682,252,145,72,1,18303,60,330,"https://fbref.com/en/squads/822bd0ba/2024-2025/Liverpool-Stats"
2025,"Liverpool","Premier League","opponent",24,38,15957,14217,1644,465,66,73,500,569,139,81,21,5,12622,96,312,"https://fbref.com/en/squads/822bd0ba/2024-2025/Liverpool-Stats"
2025,"Lyon","Ligue 1","team",31,34,19063,17487,1505,416,61,112,598,606,185,79,75,0,16061,71,353,"https://fbref.com/en/squads/d53c0b06/2024-2025/Lyon-Stats"
2025,"Lyon","Ligue 1","opponent",31,34,14734,13176,1504,455,57,106,549,566,159,73,63,0,11925,54,265,"https://fbref.com/en/squads/d53c0b06/2024-2025/Lyon-Stats"
2025,"Mainz 05","Bundesliga","team",25,34,16434,14771,1585,378,43,73,658,716,165,58,74,6,12478,78,379,"https://fbref.com/en/squads/a224b06a/2024-2025/Mainz-05-Stats"
2025,"Mainz 05","Bundesliga","opponent",25,34,16234,14482,1703,469,48,58,656,691,173,84,72,0,12368,49,314,"https://fbref.com/en/squads/a224b06a/2024-2025/Mainz-05-Stats"
2025,"Mallorca","La Liga","team",28,38,16224,14337,1809,471,44,93,735,757,145,58,73,3,12613,78,292,"https://fbref.com/en/squads/2aa12281/2024-2025/Mallorca-Stats"
2025,"Mallorca","La Liga","opponent",28,38,18666,16782,1843,526,43,136,821,723,241,113,55,3,14980,41,306,"https://fbref.com/en/squads/2aa12281/2024-2025/Mallorca-Stats"
2025,"Manchester City","Premier League","team",30,38,24443,22822,1576,449,86,90,659,603,253,127,37,4,21531,45,341,"https://fbref.com/en/squads/b8fd03ef/2024-2025/Manchester-City-Stats"
2025,"Manchester City","Premier League","opponent",30,38,15459,14002,1372,323,67,92,455,521,123,80,19,8,12668,85,273,"https://fbref.com/en/squads/b8fd03ef/2024-2025/Manchester-City-Stats"
2025,"Manchester Utd","Premier League","team",31,38,20415,18750,1596,414,94,107,630,646,197,96,45,11,16837,69,355,"https://fbref.com/en/squads/19538871/2024-2025/Manchester-United-Stats"
2025,"Manchester Utd","Premier League","opponent",31,38,17770,16138,1575,451,61,73,598,605,180,114,29,4,14277,57,323,"https://fbref.com/en/squads/19538871/2024-2025/Manchester-United-Stats"
2025,"Marseille","Ligue 1","team",32,34,23240,21718,1469,454,58,75,609,578,177,80,69,0,20427,53,328,"https://fbref.com/en/squads/5725cc7b/2024-2025/Marseille-Stats"
2025,"Marseille","Ligue 1","opponent",32,34,13334,11915,1327,423,62,77,385,450,106,45,39,0,10643,92,216,"https://fbref.com/en/squads/5725cc7b/2024-2025/Marseille-Stats"
2025,"Milan","Serie A","team",35,38,19101,17400,1641,524,90,85,634,544,217,134,18,0,16335,60,248,"https://fbref.com/en/squads/dc56fe14/2024-2025/Milan-Stats"
2025,"Milan","Serie A","opponent",35,38,16519,14811,1613,453,60,122,590,588,159,64,60,0,13716,95,232,"https://fbref.com/en/squads/dc56fe14/2024-2025/Milan-Stats"
2025,"Monaco","Ligue 1","team",28,34,17916,16257,1590,494,88,88,563,622,184,87,70,0,14561,69,288,"https://fbref.com/en/squads/fd6114db/2024-2025/Monaco-Stats"
2025,"Monaco","Ligue 1","opponent",28,34,14908,13223,1636,517,45,121,498,619,118,63,34,0,11573,49,315,"https://fbref.com/en/squads/fd6114db/2024-2025/Monaco-Stats"
2025,"Montpellier","Ligue 1","team",35,34,14420,12786,1569,460,45,109,646,575,155,55,75,0,11442,65,276,"https://fbref.com/en/squads/281b0e73/2024-2025/Montpellier-Stats"
2025,"Montpellier","Ligue 1","opponent",35,34,17484,15960,1486,459,49,66,564,582,174,63,74,0,14766,38,272,"https://fbref.com/en/squads/281b0e73/2024-2025/Montpellier-Stats"
2025,"Monza","Serie A","team",36,38,17515,15688,1773,575,30,78,656,623,136,41,75,0,14248,54,296,"https://fbref.com/en/squads/21680aa4/2024-2025/Monza-Stats"
2025,"Monza","Serie A","opponent",36,38,18811,17102,1668,541,47,89,680,650,195,82,84,1,15588,41,281,"https://fbref.com/en/squads/21680aa4/2024-2025/Monza-Stats"
2025,"Nantes","Ligue 1","team",30,34,13956,12362,1563,437,28,46,611,658,143,67,61,0,10999,31,280,"https://fbref.com/en/squads/d7a486cd/2024-2025/Nantes-Stats"
2025,"Nantes","Ligue 1","opponent",30,34,21062,19434,1586,424,28,113,740,685,212,86,96,0,17979,42,337,"https://fbref.com/en/squads/d7a486cd/2024-2025/Nantes-Stats"
2025,"Napoli","Serie A","team",27,38,20033,18236,1742,487,48,88,681,721,209,137,43,2,16894,55,340,"https://fbref.com/en/squads/d48ad4ff/2024-2025/Napoli-Stats"
2025,"Napoli","Serie A","opponent",27,38,16831,15220,1572,446,26,103,577,593,148,52,65,1,13635,39,255,"https://fbref.com/en/squads/d48ad4ff/2024-2025/Napoli-Stats"
2025,"Newcastle Utd","Premier League","team",24,38,18898,17088,1739,482,78,94,705,704,217,118,27,17,15416,71,351,"https://fbref.com/en/squads/b2b47a98/2024-2025/Newcastle-United-Stats"
2025,"Newcastle Utd","Premier League","opponent",24,38,17858,16153,1662,449,71,73,651,595,202,100,51,1,14333,43,344,"https://fbref.com/en/squads/b2b47a98/2024-2025/Newcastle-United-Stats"
2025,"Nice","Ligue 1","team",31,34,16103,14573,1474,440,88,62,599,556,170,60,72,0,13129,56,299,"https://fbref.com/en/squads/132ebc33/2024-2025/Nice-Stats"
2025,"Nice","Ligue 1","opponent",31,34,17860,16268,1564,425,38,67,604,605,180,72,64,1,14744,28,333,"https://fbref.com/en/squads/132ebc33/2024-2025/Nice-Stats"
2025,"Nott'ham Forest","Premier League","team",23,38,14366,12658,1617,436,59,62,621,615,159,71,76,0,10822,91,282,"https://fbref.com/en/squads/e4a775cb/2024-2025/Nottingham-Forest-Stats"
2025,"Nott'ham Forest","Premier League","opponent",23,38,20627,18867,1724,473,45,87,886,653,241,156,48,1,16965,36,328,"https://fbref.com/en/squads/e4a775cb/2024-2025/Nottingham-Forest-Stats"
2025,"Osasuna","La Liga","team",25,38,16028,14070,1892,487,28,133,819,831,175,64,50,2,12184,66,349,"https://fbref.com/en/squads/03c57e2b/2024-2025/Osasuna-Stats"
2025,"Osasuna","La Liga","opponent",25,38,18864,16877,1884,540,89,123,704,784,189,72,78,1,15229,103,324,"https://fbref.com/en/squads/03c57e2b/2024-2025/Osasuna-Stats"
2025,"Paris S-G","Ligue 1","team",28,34,25781,24296,1431,410,97,175,562,580,216,63,70,1,23156,54,308,"https://fbref.com/en/squads/e2d8892c/2024-2025/Paris-Saint-Germain-Stats"
2025,"Paris S-G","Ligue 1","opponent",28,34,12016,10625,1318,343,39,71,386,451,111,55,33,0,9330,73,281,"https://fbref.com/en/squads/e2d8892c/2024-2025/Paris-Saint-Germain-Stats"
2025,"Parma","Serie A","team",32,38,15805,14017,1757,568,43,75,427,602,168,55,33,1,12509,31,247,"https://fbref.com/en/squads/eab4234c/2024-2025/Parma-Stats"
2025,"Parma","Serie A","opponent",32,38,19940,18184,1637,412,57,117,856,661,223,82,82,2,16404,119,345,"https://fbref.com/en/squads/eab4234c/2024-2025/Parma-Stats"
2025,"RB Leipzig","Bundesliga","team",29,34,18207,16606,1518,394,80,50,563,630,161,61,66,1,14698,83,358,"https://fbref.com/en/squads/acbb6a5b/2024-2025/RB-Leipzig-Stats"
2025,"RB Leipzig","Bundesliga","opponent",29,34,16691,15060,1563,440,50,76,660,633,187,83,69,0,13082,68,394,"https://fbref.com/en/squads/acbb6a5b/2024-2025/RB-Leipzig-Stats"
2025,"Rayo Vallecano","La Liga","team",26,38,17861,15874,1908,436,46,112,769,868,202,107,65,0,13936,79,395,"https://fbref.com/en/squads/98e8af82/2024-2025/Rayo-Vallecano-Stats"
2025,"Rayo Vallecano","La Liga","opponent",26,38,16724,14603,2071,579,55,139,678,882,191,81,80,1,12793,50,379,"https://fbref.com/en/squads/98e8af82/2024-2025/Rayo-Vallecano-Stats"
2025,"Real Madrid","La Liga","team",30,38,24221,22370,1766,549,90,221,578,620,243,113,63,1,21356,85,316,"https://fbref.com/en/squads/53a2f082/2024-2025/Real-Madrid-Stats"
2025,"Real Madrid","La Liga","opponent",30,38,15895,14331,1521,397,40,120,554,533,161,78,49,0,12981,43,293,"https://fbref.com/en/squads/53a2f082/2024-2025/Real-Madrid-Stats"
2025,"Real Sociedad","La Liga","team",31,38,18759,16761,1916,513,33,146,740,832,216,78,95,0,14880,82,369,"https://fbref.com/en/squads/e31d1cd9/2024-2025/Real-Sociedad-Stats"
2025,"Real Sociedad","La Liga","opponent",31,38,16415,14418,1912,550,54,115,610,808,179,69,58,3,12635,85,345,"https://fbref.com/en/squads/e31d1cd9/2024-2025/Real-Sociedad-Stats"
2025,"Reims","Ligue 1","team",34,34,14602,13035,1508,432,38,94,611,576,134,56,58,0,11657,59,251,"https://fbref.com/en/squads/7fdd64e0/2024-2025/Reims-Stats"
2025,"Reims","Ligue 1","opponent",34,34,18726,17172,1498,432,67,82,707,565,197,84,73,2,15620,56,295,"https://fbref.com/en/squads/7fdd64e0/2024-2025/Reims-Stats"
2025,"Rennes","Ligue 1","team",35,34,16913,15272,1593,483,37,120,580,638,170,86,49,0,13914,48,307,"https://fbref.com/en/squads/b3072e00/2024-2025/Rennes-Stats"
2025,"Rennes","Ligue 1","opponent",35,34,16323,14708,1526,468,51,107,510,630,128,53,52,0,13238,89,280,"https://fbref.com/en/squads/b3072e00/2024-2025/Rennes-Stats"
2025,"Roma","Serie A","team",28,38,20265,18489,1717,525,50,93,636,687,170,74,65,2,17016,59,287,"https://fbref.com/en/squads/cf74a709/2024-2025/Roma-Stats"
2025,"Roma","Serie A","opponent",28,38,17333,15720,1566,443,38,75,617,599,152,66,58,0,14165,47,259,"https://fbref.com/en/squads/cf74a709/2024-2025/Roma-Stats"
2025,"Saint-Étienne","Ligue 1","team",32,34,15954,14389,1519,425,51,48,402,590,129,37,55,0,13001,46,261,"https://fbref.com/en/squads/d298ef2c/2024-2025/Saint-Etienne-Stats"
2025,"Saint-Étienne","Ligue 1","opponent",32,34,18133,16515,1560,457,67,158,692,641,195,85,70,0,15120,58,311,"https://fbref.com/en/squads/d298ef2c/2024-2025/Saint-Etienne-Stats"
2025,"Sevilla","La Liga","team",35,38,18057,16196,1791,473,40,130,612,778,185,109,33,1,14432,70,314,"https://fbref.com/en/squads/ad2be733/2024-2025/Sevilla-Stats"
2025,"Sevilla","La Liga","opponent",35,38,17994,16003,1929,541,62,132,661,828,165,66,63,1,14301,62,329,"https://fbref.com/en/squads/ad2be733/2024-2025/Sevilla-Stats"
2025,"Southampton","Premier League","team",36,38,18561,16979,1533,468,43,60,548,493,152,102,33,0,15530,49,272,"https://fbref.com/en/squads/33c895d4/2024-2025/Southampton-Stats"
2025,"Southampton","Premier League","opponent",36,38,19683,18108,1526,474,73,70,758,570,242,151,40,4,16575,49,287,"https://fbref.com/en/squads/33c895d4/2024-2025/Southampton-Stats"
2025,"St. Pauli","Bundesliga","team",28,34,15300,13659,1575,421,31,60,600,692,148,66,55,2,11751,66,303,"https://fbref.com/en/squads/54864664/2024-2025/St-Pauli-Stats"
2025,"St. Pauli","Bundesliga","opponent",28,34,19511,17842,1595,396,58,86,562,732,154,90,38,0,16017,74,349,"https://fbref.com/en/squads/54864664/2024-2025/St-Pauli-Stats"
2025,"Strasbourg","Ligue 1","team",30,34,17462,15928,1486,485,58,46,496,543,140,64,57,0,14667,48,253,"https://fbref.com/en/squads/c0d3eab4/2024-2025/Strasbourg-Stats"
2025,"Strasbourg","Ligue 1","opponent",30,34,17314,15791,1455,418,56,117,700,588,164,55,81,0,14255,68,312,"https://fbref.com/en/squads/c0d3eab4/2024-2025/Strasbourg-Stats"
2025,"Stuttgart","Bundesliga","team",29,34,19767,18113,1592,488,63,72,637,623,180,72,47,3,16513,62,289,"https://fbref.com/en/squads/598bc722/2024-2025/Stuttgart-Stats"
2025,"Stuttgart","Bundesliga","opponent",29,34,14746,13145,1519,402,50,54,531,602,161,89,50,0,11408,82,331,"https://fbref.com/en/squads/598bc722/2024-2025/Stuttgart-Stats"
2025,"Torino","Serie A","team",31,38,17008,15278,1673,443,26,83,675,676,158,95,51,0,13578,57,274,"https://fbref.com/en/squads/105360fe/2024-2025/Torino-Stats"
2025,"Torino","Serie A","opponent",31,38,18718,16969,1699,519,53,100,767,678,194,80,66,0,15347,50,269,"https://fbref.com/en/squads/105360fe/2024-2025/Torino-Stats"
2025,"Tottenham","Premier League","team",31,38,19960,18013,1884,561,54,70,752,705,243,108,66,0,16513,63,437,"https://fbref.com/en/squads/361ca564/2024-2025/Tottenham-Hotspur-Stats"
2025,"Tottenham","Premier League","opponent",31,38,16529,14781,1661,490,63,100,697,593,206,121,47,2,13104,87,350,"https://fbref.com/en/squads/361ca564/2024-2025/Tottenham-Hotspur-Stats"
2025,"Toulouse","Ligue 1","team",27,34,14867,13229,1592,463,44,95,580,657,163,93,52,0,11674,46,287,"https://fbref.com/en/squads/3f8c4b5f/2024-2025/Toulouse-Stats"
2025,"Toulouse","Ligue 1","opponent",27,34,18518,16981,1496,469,42,73,556,577,128,47,51,0,15399,41,273,"https://fbref.com/en/squads/3f8c4b5f/2024-2025/Toulouse-Stats"
2025,"Udinese","Serie A","team",31,38,16279,14543,1686,465,25,92,679,683,178,64,73,2,12945,50,269,"https://fbref.com/en/squads/04eea015/2024-2025/Udinese-Stats"
2025,"Udinese","Serie A","opponent",31,38,18221,16283,1854,569,53,86,677,730,203,89,68,0,14788,84,320,"https://fbref.com/en/squads/04eea015/2024-2025/Udinese-Stats"
2025,"Union Berlin","Bundesliga","team",28,34,13705,12135,1503,353,16,53,608,655,152,66,71,4,9960,67,335,"https://fbref.com/en/squads/7a41008f/2024-2025/Union-Berlin-Stats"
2025,"Union Berlin","Bundesliga","opponent",28,34,20253,18532,1679,466,47,78,723,717,167,69,61,3,16465,42,352,"https://fbref.com/en/squads/7a41008f/2024-2025/Union-Berlin-Stats"
2025,"Valencia","La Liga","team",32,38,17708,15738,1898,566,38,128,763,770,186,69,74,3,13938,72,395,"https://fbref.com/en/squads/dcc91a7b/2024-2025/Valencia-Stats"
2025,"Valencia","La Liga","opponent",32,38,18992,17048,1837,485,78,139,691,801,190,79,57,2,15307,107,328,"https://fbref.com/en/squads/dcc91a7b/2024-2025/Valencia-Stats"
2025,"Valladolid","La Liga","team",38,38,15387,13486,1834,544,37,126,671,647,156,81,38,2,12052,67,265,"https://fbref.com/en/squads/17859612/2024-2025/Valladolid-Stats"
2025,"Valladolid","La Liga","opponent",38,38,20501,18714,1727,489,62,99,743,751,195,76,80,0,17117,60,353,"https://fbref.com/en/squads/17859612/2024-2025/Valladolid-Stats"
2025,"Venezia","Serie A","team",36,38,15155,13224,1873,526,35,87,529,769,142,60,46,0,11573,58,301,"https://fbref.com/en/squads/af5d5982/2024-2025/Venezia-Stats"
2025,"Venezia","Serie A","opponent",36,38,18608,16715,1830,531,46,95,765,760,223,106,81,1,14934,63,354,"https://fbref.com/en/squads/af5d5982/2024-2025/Venezia-Stats"
2025,"Villarreal","La Liga","team",31,38,17825,16035,1713,513,78,124,674,633,183,77,60,2,14532,77,318,"https://fbref.com/en/squads/2a8183b3/2024-2025/Villarreal-Stats"
2025,"Villarreal","La Liga","opponent",31,38,19916,18105,1769,495,40,191,782,655,180,70,59,0,16617,42,377,"https://fbref.com/en/squads/2a8183b3/2024-2025/Villarreal-Stats"
2025,"Werder Bremen","Bundesliga","team",23,34,17550,15860,1618,468,57,87,667,660,161,63,77,1,13999,72,355,"https://fbref.com/en/squads/62add3bf/2024-2025/Werder-Bremen-Stats"
2025,"Werder Bremen","Bundesliga","opponent",23,34,17808,16227,1509,375,64,50,593,634,162,84,50,2,14300,72,348,"https://fbref.com/en/squads/62add3bf/2024-2025/Werder-Bremen-Stats"
2025,"West Ham","Premier League","team",27,38,18363,16678,1612,437,53,133,613,612,152,82,57,1,14820,73,343,"https://fbref.com/en/squads/7c21e445/2024-2025/West-Ham-United-Stats"
2025,"West Ham","Premier League","opponent",27,38,19489,17708,1726,494,79,79,811,701,208,108,44,7,15814,55,324,"https://fbref.com/en/squads/7c21e445/2024-2025/West-Ham-United-Stats"
2025,"Wolfsburg","Bundesliga","team",27,34,15088,13434,1605,424,46,120,574,644,165,99,63,1,11590,49,336,"https://fbref.com/en/squads/4eaa11d7/2024-2025/Wolfsburg-Stats"
2025,"Wolfsburg","Bundesliga","opponent",27,34,17731,16046,1617,373,42,72,646,719,178,81,57,6,14240,68,340,"https://fbref.com/en/squads/4eaa11d7/2024-2025/Wolfsburg-Stats"
2025,"Wolves","Premier League","team",32,38,17884,16133,1689,495,55,122,568,696,147,98,31,3,14472,62,328,"https://fbref.com/en/squads/8cec06e1/2024-2025/Wolverhampton-Wanderers-Stats"
2025,"Wolves","Premier League","opponent",32,38,19341,17527,1738,510,62,78,714,659,217,133,43,0,15875,76,353,"https://fbref.com/en/squads/8cec06e1/2024-2025/Wolverhampton-Wanderers-Stats"
