"Season_End_Year","Squad","Comp","Team_or_Opponent","Num_Players","Mins_Per_90","Gls_Standard","Sh_Standard","SoT_Standard","SoT_percent_Standard","Sh_per_90_Standard","SoT_per_90_Standard","G_per_Sh_Standard","G_per_SoT_Standard","Dist_Standard","FK_Standard","PK_Standard","PKatt_Standard","xG_Expected","npxG_Expected","npxG_per_Sh_Expected","G_minus_xG_Expected","np:G_minus_xG_Expected","Url"
2025,"Alavés","La Liga","team",29,38,38,393,123,31.3,10.34,3.24,0.07,0.24,17.8,10,9,11,42.8,34.1,0.09,-4.8,-5.1,"https://fbref.com/en/squads/8d6fd021/2024-2025/Alaves-Stats"
2025,"Alavés","La Liga","opponent",29,38,46,395,121,30.6,10.39,3.18,0.09,0.29,17.6,17,11,11,47,38.5,0.1,-1,-3.5,"https://fbref.com/en/squads/8d6fd021/2024-2025/Alaves-Stats"
2025,"Angers","Ligue 1","team",30,34,31,311,91,29.3,9.15,2.68,0.08,0.29,18.3,13,5,6,36,31.3,0.1,-5,-5.3,"https://fbref.com/en/squads/69236f98/2024-2025/Angers-Stats"
2025,"Angers","Ligue 1","opponent",30,34,53,478,186,38.9,14.06,5.47,0.1,0.26,16.9,9,4,5,57.8,53.9,0.12,-4.8,-4.9,"https://fbref.com/en/squads/69236f98/2024-2025/Angers-Stats"
2025,"Arsenal","Premier League","team",25,38,67,544,178,32.7,14.32,4.68,0.12,0.37,15.1,10,2,2,59.9,58.4,0.11,7.1,6.6,"https://fbref.com/en/squads/18bb7c10/2024-2025/Arsenal-Stats"
2025,"Arsenal","Premier League","opponent",25,38,34,359,117,32.6,9.45,3.08,0.09,0.26,17.8,13,3,3,34.4,32,0.09,-0.4,-1,"https://fbref.com/en/squads/18bb7c10/2024-2025/Arsenal-Stats"
2025,"Aston Villa","Premier League","team",28,38,56,478,159,33.3,12.58,4.18,0.11,0.33,16.3,12,3,6,56.1,51.3,0.11,-0.1,1.7,"https://fbref.com/en/squads/8602292d/2024-2025/Aston-Villa-Stats"
2025,"Aston Villa","Premier League","opponent",28,38,51,460,153,33.3,12.11,4.03,0.11,0.32,16.7,10,2,3,50.1,47.8,0.11,0.9,1.2,"https://fbref.com/en/squads/8602292d/2024-2025/Aston-Villa-Stats"
2025,"Atalanta","Serie A","team",32,38,76,538,181,33.6,14.16,4.76,0.13,0.39,15,5,5,7,65,59.5,0.11,11,11.5,"https://fbref.com/en/squads/922493f3/2024-2025/Atalanta-Stats"
2025,"Atalanta","Serie A","opponent",32,38,35,403,145,36,10.61,3.82,0.08,0.23,18.3,11,2,2,38.6,37.1,0.1,-3.6,-4.1,"https://fbref.com/en/squads/922493f3/2024-2025/Atalanta-Stats"
2025,"Athletic Club","La Liga","team",31,38,53,462,148,32,12.16,3.89,0.11,0.34,17.4,8,3,6,53,48.2,0.11,0,1.8,"https://fbref.com/en/squads/2b390eca/2024-2025/Athletic-Club-Stats"
2025,"Athletic Club","La Liga","opponent",31,38,28,338,108,32,8.89,2.84,0.07,0.23,17.6,9,3,5,37.8,33.9,0.1,-9.8,-8.9,"https://fbref.com/en/squads/2b390eca/2024-2025/Athletic-Club-Stats"
2025,"Atlético Madrid","La Liga","team",24,38,68,463,174,37.6,12.18,4.58,0.13,0.36,17,13,6,7,64.6,59.3,0.13,3.4,2.7,"https://fbref.com/en/squads/db3b9613/2024-2025/Atletico-Madrid-Stats"
2025,"Atlético Madrid","La Liga","opponent",24,38,28,387,111,28.7,10.18,2.92,0.06,0.21,18.6,14,5,5,33.4,29.5,0.08,-5.4,-6.5,"https://fbref.com/en/squads/db3b9613/2024-2025/Atletico-Madrid-Stats"
2025,"Augsburg","Bundesliga","team",29,34,35,397,114,28.7,11.68,3.35,0.09,0.3,17.4,10,1,2,34.7,33.1,0.08,0.3,0.9,"https://fbref.com/en/squads/0cdc4311/2024-2025/Augsburg-Stats"
2025,"Augsburg","Bundesliga","opponent",29,34,49,447,151,33.8,13.15,4.44,0.1,0.29,16.7,13,5,5,48.9,45,0.1,0.1,-1,"https://fbref.com/en/squads/0cdc4311/2024-2025/Augsburg-Stats"
2025,"Auxerre","Ligue 1","team",29,34,47,375,144,38.4,11.03,4.24,0.11,0.3,17.5,10,4,5,41,37.3,0.1,6,5.7,"https://fbref.com/en/squads/5ae09109/2024-2025/Auxerre-Stats"
2025,"Auxerre","Ligue 1","opponent",29,34,48,445,165,37.1,13.09,4.85,0.09,0.25,16.5,17,6,8,58.6,52.3,0.12,-10.6,-10.3,"https://fbref.com/en/squads/5ae09109/2024-2025/Auxerre-Stats"
2025,"Barcelona","La Liga","team",28,38,99,670,240,35.8,17.63,6.32,0.14,0.38,17.1,27,7,8,91.5,85.2,0.13,7.5,6.8,"https://fbref.com/en/squads/206d90db/2024-2025/Barcelona-Stats"
2025,"Barcelona","La Liga","opponent",28,38,39,290,104,35.9,7.63,2.74,0.12,0.34,17.5,7,4,4,41.9,38.8,0.13,-2.9,-3.8,"https://fbref.com/en/squads/206d90db/2024-2025/Barcelona-Stats"
2025,"Bayern Munich","Bundesliga","team",29,34,96,636,255,40.1,18.71,7.5,0.14,0.34,16.7,19,9,10,81.7,74,0.12,14.3,13,"https://fbref.com/en/squads/054efa67/2024-2025/Bayern-Munich-Stats"
2025,"Bayern Munich","Bundesliga","opponent",29,34,32,229,79,34.5,6.74,2.32,0.14,0.39,17.3,3,1,2,25.5,24,0.11,6.5,7,"https://fbref.com/en/squads/054efa67/2024-2025/Bayern-Munich-Stats"
2025,"Betis","La Liga","team",36,38,55,518,176,34,13.63,4.63,0.09,0.27,18.1,14,7,10,54.7,46.9,0.09,0.3,1.1,"https://fbref.com/en/squads/fc536746/2024-2025/Real-Betis-Stats"
2025,"Betis","La Liga","opponent",36,38,49,418,137,32.8,11,3.61,0.11,0.33,17.3,11,4,4,50.6,47.4,0.12,-1.6,-2.4,"https://fbref.com/en/squads/fc536746/2024-2025/Real-Betis-Stats"
2025,"Bochum","Bundesliga","team",27,34,32,433,133,30.7,12.74,3.91,0.07,0.23,17.7,11,1,3,41.8,39.3,0.09,-9.8,-8.3,"https://fbref.com/en/squads/b42c6323/2024-2025/Bochum-Stats"
2025,"Bochum","Bundesliga","opponent",27,34,68,481,148,30.8,14.15,4.35,0.14,0.44,16.3,16,3,6,63.2,58.2,0.12,4.8,6.8,"https://fbref.com/en/squads/b42c6323/2024-2025/Bochum-Stats"
2025,"Bologna","Serie A","team",30,38,56,505,166,32.9,13.29,4.37,0.1,0.3,17.5,18,6,7,49.3,43.8,0.09,6.7,6.2,"https://fbref.com/en/squads/1d8099f8/2024-2025/Bologna-Stats"
2025,"Bologna","Serie A","opponent",30,38,45,317,103,32.5,8.34,2.71,0.14,0.42,17.3,11,2,3,36.7,34.3,0.11,8.3,8.7,"https://fbref.com/en/squads/1d8099f8/2024-2025/Bologna-Stats"
2025,"Bournemouth","Premier League","team",29,38,57,574,192,33.4,15.11,5.05,0.09,0.27,16.7,10,6,7,64,58.5,0.1,-7,-7.5,"https://fbref.com/en/squads/4ba7cbea/2024-2025/Bournemouth-Stats"
2025,"Bournemouth","Premier League","opponent",29,38,46,483,168,34.8,12.71,4.42,0.09,0.25,17.1,14,4,4,48.5,45.3,0.1,-2.5,-3.3,"https://fbref.com/en/squads/4ba7cbea/2024-2025/Bournemouth-Stats"
2025,"Brentford","Premier League","team",28,38,65,434,173,39.9,11.42,4.55,0.14,0.35,14.9,10,5,6,59,54.4,0.13,6,5.6,"https://fbref.com/en/squads/cd051869/2024-2025/Brentford-Stats"
2025,"Brentford","Premier League","opponent",28,38,54,646,206,31.9,17,5.42,0.08,0.26,17.5,14,1,1,55.4,54.7,0.09,-1.4,-1.7,"https://fbref.com/en/squads/cd051869/2024-2025/Brentford-Stats"
2025,"Brest","Ligue 1","team",30,34,52,409,151,36.9,12.03,4.44,0.11,0.3,17,7,7,9,45.4,38.3,0.1,6.6,6.7,"https://fbref.com/en/squads/fb08dbb3/2024-2025/Brest-Stats"
2025,"Brest","Ligue 1","opponent",30,34,57,404,132,32.7,11.88,3.88,0.12,0.37,15.8,8,8,10,57.4,50,0.13,-0.4,-1,"https://fbref.com/en/squads/fb08dbb3/2024-2025/Brest-Stats"
2025,"Brighton","Premier League","team",32,38,64,526,183,34.8,13.84,4.82,0.11,0.31,17.2,25,7,7,58.7,53.3,0.1,5.3,3.7,"https://fbref.com/en/squads/d07537b9/2024-2025/Brighton-and-Hove-Albion-Stats"
2025,"Brighton","Premier League","opponent",32,38,57,418,138,33,11,3.63,0.11,0.35,15.6,8,9,9,54.6,47.7,0.12,2.4,0.3,"https://fbref.com/en/squads/d07537b9/2024-2025/Brighton-and-Hove-Albion-Stats"
2025,"Cagliari","Serie A","team",28,38,38,421,115,27.3,11.08,3.03,0.08,0.3,16,10,3,3,42.7,40.3,0.1,-4.7,-5.3,"https://fbref.com/en/squads/c4260e09/2024-2025/Cagliari-Stats"
2025,"Cagliari","Serie A","opponent",28,38,56,497,147,29.6,13.08,3.87,0.1,0.34,17.7,17,6,6,55.3,51.1,0.11,0.7,-1.1,"https://fbref.com/en/squads/c4260e09/2024-2025/Cagliari-Stats"
2025,"Celta Vigo","La Liga","team",30,38,58,442,167,37.8,11.63,4.39,0.11,0.3,17.9,19,8,9,54.2,47.3,0.11,3.8,2.7,"https://fbref.com/en/squads/f25da7fb/2024-2025/Celta-Vigo-Stats"
2025,"Celta Vigo","La Liga","opponent",30,38,55,399,141,35.3,10.5,3.71,0.13,0.37,16.8,9,3,4,43.4,40,0.1,11.6,12,"https://fbref.com/en/squads/f25da7fb/2024-2025/Celta-Vigo-Stats"
2025,"Chelsea","Premier League","team",29,38,61,590,203,34.4,15.53,5.34,0.1,0.28,16.7,17,4,5,67.8,63.8,0.11,-6.8,-6.8,"https://fbref.com/en/squads/cff3d9bb/2024-2025/Chelsea-Stats"
2025,"Chelsea","Premier League","opponent",29,38,43,392,149,38,10.32,3.92,0.1,0.26,17.1,22,5,6,47.3,42.6,0.11,-4.3,-4.6,"https://fbref.com/en/squads/cff3d9bb/2024-2025/Chelsea-Stats"
2025,"Como","Serie A","team",38,38,44,519,176,33.9,13.66,4.63,0.08,0.25,17.9,17,0,2,45.4,43.9,0.09,-1.4,0.1,"https://fbref.com/en/squads/28c9c3cd/2024-2025/Como-Stats"
2025,"Como","Serie A","opponent",38,38,52,376,136,36.2,9.89,3.58,0.12,0.33,17.5,22,7,7,43,37.6,0.1,9,7.4,"https://fbref.com/en/squads/28c9c3cd/2024-2025/Como-Stats"
2025,"Crystal Palace","Premier League","team",29,38,49,512,175,34.2,13.47,4.61,0.09,0.26,16.8,19,3,4,60.4,57.3,0.11,-11.4,-11.3,"https://fbref.com/en/squads/47c64c55/2024-2025/Crystal-Palace-Stats"
2025,"Crystal Palace","Premier League","opponent",29,38,48,481,148,30.8,12.66,3.89,0.1,0.32,16.4,9,1,2,49.1,47.5,0.1,-1.1,-0.5,"https://fbref.com/en/squads/47c64c55/2024-2025/Crystal-Palace-Stats"
2025,"Dortmund","Bundesliga","team",28,34,69,478,157,32.8,14.06,4.62,0.13,0.41,16.1,9,5,6,61.2,56.5,0.12,7.8,7.5,"https://fbref.com/en/squads/add600ae/2024-2025/Dortmund-Stats"
2025,"Dortmund","Bundesliga","opponent",28,34,50,372,136,36.6,10.94,4,0.12,0.34,17,8,4,4,42.8,39.6,0.11,7.2,6.4,"https://fbref.com/en/squads/add600ae/2024-2025/Dortmund-Stats"
2025,"Eint Frankfurt","Bundesliga","team",26,34,68,480,172,35.8,14.12,5.06,0.14,0.38,16.4,13,3,5,65.1,61.4,0.13,2.9,3.6,"https://fbref.com/en/squads/f0ac8ee6/2024-2025/Eintracht-Frankfurt-Stats"
2025,"Eint Frankfurt","Bundesliga","opponent",26,34,44,466,160,34.3,13.71,4.71,0.09,0.27,17.1,8,1,3,48,45.7,0.1,-4,-2.7,"https://fbref.com/en/squads/f0ac8ee6/2024-2025/Eintracht-Frankfurt-Stats"
2025,"Empoli","Serie A","team",34,38,31,367,107,29.2,9.66,2.82,0.08,0.27,19.1,21,2,3,32.5,30.1,0.08,-1.5,-1.1,"https://fbref.com/en/squads/a3d88bd8/2024-2025/Empoli-Stats"
2025,"Empoli","Serie A","opponent",34,38,58,513,156,30.4,13.5,4.11,0.11,0.37,17.3,17,1,3,50.1,47.7,0.09,7.9,9.3,"https://fbref.com/en/squads/a3d88bd8/2024-2025/Empoli-Stats"
2025,"Espanyol","La Liga","team",27,38,38,351,98,27.9,9.24,2.58,0.09,0.34,18.4,15,5,5,34.4,30.5,0.09,3.6,2.5,"https://fbref.com/en/squads/a8661628/2024-2025/Espanyol-Stats"
2025,"Espanyol","La Liga","opponent",27,38,50,561,186,33.2,14.76,4.89,0.08,0.25,18,22,4,6,53.8,49,0.09,-3.8,-3,"https://fbref.com/en/squads/a8661628/2024-2025/Espanyol-Stats"
2025,"Everton","Premier League","team",26,38,39,404,139,34.4,10.63,3.66,0.09,0.27,16.8,11,2,2,41.8,40.2,0.1,-2.8,-3.2,"https://fbref.com/en/squads/d3fd31cc/2024-2025/Everton-Stats"
2025,"Everton","Premier League","opponent",26,38,44,478,161,33.7,12.58,4.24,0.09,0.27,16.6,16,0,2,46.2,44.6,0.1,-2.2,-0.6,"https://fbref.com/en/squads/d3fd31cc/2024-2025/Everton-Stats"
2025,"Fiorentina","Serie A","team",34,38,58,439,166,37.8,11.55,4.37,0.12,0.31,18,20,6,8,48.9,42.6,0.1,9.1,9.4,"https://fbref.com/en/squads/421387cf/2024-2025/Fiorentina-Stats"
2025,"Fiorentina","Serie A","opponent",34,38,40,440,145,33,11.58,3.82,0.09,0.27,17.4,14,1,3,42.8,40.4,0.09,-2.8,-1.4,"https://fbref.com/en/squads/421387cf/2024-2025/Fiorentina-Stats"
2025,"Freiburg","Bundesliga","team",26,34,46,405,132,32.6,11.91,3.88,0.11,0.35,16.9,16,0,4,44.3,41.1,0.11,1.7,4.9,"https://fbref.com/en/squads/a486e511/2024-2025/Freiburg-Stats"
2025,"Freiburg","Bundesliga","opponent",26,34,52,428,146,34.1,12.59,4.29,0.12,0.34,17.8,13,2,4,42.4,39.4,0.09,9.6,10.6,"https://fbref.com/en/squads/a486e511/2024-2025/Freiburg-Stats"
2025,"Fulham","Premier League","team",26,38,53,516,167,32.4,13.58,4.39,0.1,0.3,16.4,10,3,4,49,45.9,0.09,4,4.1,"https://fbref.com/en/squads/fd962109/2024-2025/Fulham-Stats"
2025,"Fulham","Premier League","opponent",26,38,52,429,155,36.1,11.29,4.08,0.11,0.32,16.2,17,3,4,47.2,44.1,0.11,4.8,4.9,"https://fbref.com/en/squads/fd962109/2024-2025/Fulham-Stats"
2025,"Genoa","Serie A","team",37,38,35,383,117,30.5,10.08,3.08,0.09,0.3,17.7,16,0,2,37.2,35.5,0.09,-2.2,-0.5,"https://fbref.com/en/squads/658bf2de/2024-2025/Genoa-Stats"
2025,"Genoa","Serie A","opponent",37,38,46,472,150,31.8,12.42,3.95,0.08,0.27,17.9,15,6,8,47.2,41.1,0.09,-1.2,-1.1,"https://fbref.com/en/squads/658bf2de/2024-2025/Genoa-Stats"
2025,"Getafe","La Liga","team",30,38,34,430,122,28.4,11.32,3.21,0.07,0.24,19.4,17,5,5,36.8,33,0.08,-2.8,-4,"https://fbref.com/en/squads/7848bd64/2024-2025/Getafe-Stats"
2025,"Getafe","La Liga","opponent",30,38,39,362,117,32.3,9.53,3.08,0.09,0.26,17.9,12,8,9,46.2,39.4,0.11,-7.2,-8.4,"https://fbref.com/en/squads/7848bd64/2024-2025/Getafe-Stats"
2025,"Girona","La Liga","team",30,38,43,397,134,33.8,10.45,3.53,0.1,0.29,17.7,13,4,5,42.5,38.6,0.1,0.5,0.4,"https://fbref.com/en/squads/9024a00a/2024-2025/Girona-Stats"
2025,"Girona","La Liga","opponent",30,38,59,450,158,35.1,11.84,4.16,0.12,0.35,18.1,16,3,6,50.4,45.7,0.1,8.6,10.3,"https://fbref.com/en/squads/9024a00a/2024-2025/Girona-Stats"
2025,"Gladbach","Bundesliga","team",26,34,53,413,153,37,12.15,4.5,0.12,0.32,16.4,5,4,5,50.6,46.6,0.11,2.4,2.4,"https://fbref.com/en/squads/32f3ee20/2024-2025/Monchengladbach-Stats"
2025,"Gladbach","Bundesliga","opponent",26,34,55,577,183,31.7,16.97,5.38,0.08,0.26,17.2,13,7,8,63.4,57,0.1,-8.4,-9,"https://fbref.com/en/squads/32f3ee20/2024-2025/Monchengladbach-Stats"
2025,"Heidenheim","Bundesliga","team",27,34,37,398,124,31.2,11.71,3.65,0.08,0.26,17.3,12,5,5,40.3,36.3,0.09,-3.3,-4.3,"https://fbref.com/en/squads/18d9d2a7/2024-2025/Heidenheim-Stats"
2025,"Heidenheim","Bundesliga","opponent",27,34,64,454,165,36.3,13.35,4.85,0.13,0.35,17.4,15,6,6,57.6,53,0.12,6.4,5,"https://fbref.com/en/squads/18d9d2a7/2024-2025/Heidenheim-Stats"
2025,"Hellas Verona","Serie A","team",32,38,31,372,95,25.5,9.79,2.5,0.08,0.31,17.7,12,2,2,33.8,32.3,0.09,-2.8,-3.3,"https://fbref.com/en/squads/0e72edf2/2024-2025/Hellas-Verona-Stats"
2025,"Hellas Verona","Serie A","opponent",32,38,65,501,169,33.7,13.18,4.45,0.13,0.37,18.4,23,2,4,53.4,50.3,0.1,11.6,12.7,"https://fbref.com/en/squads/0e72edf2/2024-2025/Hellas-Verona-Stats"
2025,"Hoffenheim","Bundesliga","team",35,34,46,440,148,33.6,12.94,4.35,0.1,0.29,17.7,11,3,3,42.6,40.3,0.09,3.4,2.7,"https://fbref.com/en/squads/033ea6b8/2024-2025/Hoffenheim-Stats"
2025,"Hoffenheim","Bundesliga","opponent",35,34,65,485,167,34.4,14.26,4.91,0.13,0.37,16.4,16,3,6,55.8,51.1,0.11,9.2,10.9,"https://fbref.com/en/squads/033ea6b8/2024-2025/Hoffenheim-Stats"
2025,"Holstein Kiel","Bundesliga","team",27,34,49,368,133,36.1,10.82,3.91,0.12,0.34,17.8,12,4,5,39.8,35.9,0.1,9.2,9.1,"https://fbref.com/en/squads/2ac661d9/2024-2025/Holstein-Kiel-Stats"
2025,"Holstein Kiel","Bundesliga","opponent",27,34,77,548,188,34.3,16.12,5.53,0.13,0.38,15.7,10,6,7,61,55.6,0.1,16,15.4,"https://fbref.com/en/squads/2ac661d9/2024-2025/Holstein-Kiel-Stats"
2025,"Inter","Serie A","team",26,38,76,565,179,31.7,14.87,4.71,0.12,0.38,16.3,17,8,9,66.9,60.1,0.11,9.1,7.9,"https://fbref.com/en/squads/d609edc0/2024-2025/Internazionale-Stats"
2025,"Inter","Serie A","opponent",26,38,34,395,126,31.9,10.39,3.32,0.08,0.25,17.7,11,3,4,36.4,33.1,0.09,-2.4,-2.1,"https://fbref.com/en/squads/d609edc0/2024-2025/Internazionale-Stats"
2025,"Ipswich Town","Premier League","team",32,38,35,374,120,32.1,9.84,3.16,0.09,0.28,17.7,10,2,2,34.4,32.8,0.09,0.6,0.2,"https://fbref.com/en/squads/b74092de/2024-2025/Ipswich-Town-Stats"
2025,"Ipswich Town","Premier League","opponent",32,38,80,601,204,33.9,15.82,5.37,0.12,0.36,16.4,14,6,6,72.7,68.3,0.12,7.3,5.7,"https://fbref.com/en/squads/b74092de/2024-2025/Ipswich-Town-Stats"
2025,"Juventus","Serie A","team",29,38,56,509,175,34.4,13.39,4.61,0.1,0.29,17.3,11,6,6,51,46.3,0.09,5,3.7,"https://fbref.com/en/squads/e0652b02/2024-2025/Juventus-Stats"
2025,"Juventus","Serie A","opponent",29,38,35,394,114,28.9,10.37,3,0.08,0.26,18,13,5,5,34,30.1,0.08,1,-0.1,"https://fbref.com/en/squads/e0652b02/2024-2025/Juventus-Stats"
2025,"Las Palmas","La Liga","team",34,38,38,409,134,32.8,10.76,3.53,0.09,0.26,19.2,21,3,4,36.3,33.2,0.08,1.7,1.8,"https://fbref.com/en/squads/0049d422/2024-2025/Las-Palmas-Stats"
2025,"Las Palmas","La Liga","opponent",34,38,58,530,173,32.6,13.95,4.55,0.1,0.31,17.4,18,5,10,66.8,59.3,0.11,-8.8,-6.3,"https://fbref.com/en/squads/0049d422/2024-2025/Las-Palmas-Stats"
2025,"Lazio","Serie A","team",27,38,60,528,185,35,13.89,4.87,0.1,0.29,17.7,13,6,7,57.2,52,0.1,2.8,2,"https://fbref.com/en/squads/7213da33/2024-2025/Lazio-Stats"
2025,"Lazio","Serie A","opponent",27,38,47,380,115,30.3,10,3.03,0.11,0.37,17.6,14,4,4,37.7,34.7,0.09,9.3,8.3,"https://fbref.com/en/squads/7213da33/2024-2025/Lazio-Stats"
2025,"Le Havre","Ligue 1","team",31,34,37,339,97,28.6,9.97,2.85,0.08,0.29,17.8,14,9,10,41.4,33.4,0.1,-4.4,-5.4,"https://fbref.com/en/squads/5c2737db/2024-2025/Le-Havre-Stats"
2025,"Le Havre","Ligue 1","opponent",31,34,70,482,169,35.1,14.18,4.97,0.13,0.38,16.4,8,5,6,62.8,58.5,0.13,7.2,6.5,"https://fbref.com/en/squads/5c2737db/2024-2025/Le-Havre-Stats"
2025,"Lecce","Serie A","team",31,38,27,450,119,26.4,11.84,3.13,0.05,0.2,19.3,22,3,4,34.6,31.8,0.07,-7.6,-7.8,"https://fbref.com/en/squads/ffcbe334/2024-2025/Lecce-Stats"
2025,"Lecce","Serie A","opponent",31,38,55,521,172,33,13.71,4.53,0.09,0.27,17.5,18,8,10,57.1,49.6,0.1,-2.1,-2.6,"https://fbref.com/en/squads/ffcbe334/2024-2025/Lecce-Stats"
2025,"Leganés","La Liga","team",26,38,38,345,110,31.9,9.08,2.89,0.1,0.3,20.1,19,5,7,36,30.6,0.09,2,2.4,"https://fbref.com/en/squads/7c6f2c78/2024-2025/Leganes-Stats"
2025,"Leganés","La Liga","opponent",26,38,53,563,168,29.8,14.82,4.42,0.08,0.27,17.6,15,7,8,59.4,53.1,0.1,-6.4,-7.1,"https://fbref.com/en/squads/7c6f2c78/2024-2025/Leganes-Stats"
2025,"Leicester City","Premier League","team",32,38,33,332,105,31.6,8.74,2.76,0.09,0.3,17.3,8,2,3,32.6,30.4,0.09,0.4,0.6,"https://fbref.com/en/squads/a2d435b3/2024-2025/Leicester-City-Stats"
2025,"Leicester City","Premier League","opponent",32,38,77,639,205,32.1,16.82,5.39,0.12,0.36,16,21,3,4,71.9,68.8,0.11,5.1,5.2,"https://fbref.com/en/squads/a2d435b3/2024-2025/Leicester-City-Stats"
2025,"Lens","Ligue 1","team",33,34,40,484,148,30.6,14.24,4.35,0.07,0.24,16.7,7,5,5,51.8,48.3,0.1,-11.8,-13.3,"https://fbref.com/en/squads/fd4e0f7d/2024-2025/Lens-Stats"
2025,"Lens","Ligue 1","opponent",33,34,39,369,133,36,10.85,3.91,0.08,0.23,17.2,12,8,9,45.3,38.3,0.11,-6.3,-7.3,"https://fbref.com/en/squads/fd4e0f7d/2024-2025/Lens-Stats"
2025,"Leverkusen","Bundesliga","team",23,34,70,499,181,36.3,14.68,5.32,0.13,0.37,16.8,12,3,6,56.9,52,0.11,13.1,15,"https://fbref.com/en/squads/c7a9f859/2024-2025/Bayer-Leverkusen-Stats"
2025,"Leverkusen","Bundesliga","opponent",23,34,39,330,130,39.4,9.71,3.82,0.11,0.27,17.2,10,4,4,36.2,33.1,0.1,2.8,1.9,"https://fbref.com/en/squads/c7a9f859/2024-2025/Bayer-Leverkusen-Stats"
2025,"Lille","Ligue 1","team",27,34,52,424,154,36.3,12.47,4.53,0.11,0.29,16.6,15,7,10,54.7,47.5,0.12,-2.7,-2.5,"https://fbref.com/en/squads/cb188c0c/2024-2025/Lille-Stats"
2025,"Lille","Ligue 1","opponent",27,34,35,333,122,36.6,9.79,3.59,0.09,0.25,16.3,10,4,4,42.5,39.4,0.12,-7.5,-8.4,"https://fbref.com/en/squads/cb188c0c/2024-2025/Lille-Stats"
2025,"Liverpool","Premier League","team",24,38,85,639,215,33.6,16.82,5.66,0.12,0.35,15.9,11,9,9,82.2,75.2,0.12,2.8,0.8,"https://fbref.com/en/squads/822bd0ba/2024-2025/Liverpool-Stats"
2025,"Liverpool","Premier League","opponent",24,38,39,385,136,35.3,10.13,3.58,0.1,0.28,17.6,12,1,2,38.6,36.9,0.1,0.4,1.1,"https://fbref.com/en/squads/822bd0ba/2024-2025/Liverpool-Stats"
2025,"Lyon","Ligue 1","team",31,34,62,434,173,39.9,12.76,5.09,0.12,0.31,16.2,6,8,10,60.3,52.5,0.12,1.7,1.5,"https://fbref.com/en/squads/d53c0b06/2024-2025/Lyon-Stats"
2025,"Lyon","Ligue 1","opponent",31,34,46,447,163,36.5,13.15,4.79,0.1,0.26,18.1,17,3,3,45.7,43.3,0.1,0.3,-0.3,"https://fbref.com/en/squads/d53c0b06/2024-2025/Lyon-Stats"
2025,"Mainz 05","Bundesliga","team",25,34,53,417,142,34.1,12.26,4.18,0.12,0.35,16.3,11,4,4,50.1,47,0.12,2.9,2,"https://fbref.com/en/squads/a224b06a/2024-2025/Mainz-05-Stats"
2025,"Mainz 05","Bundesliga","opponent",25,34,43,459,145,31.6,13.5,4.26,0.08,0.27,16.7,10,4,5,48.1,44.6,0.1,-5.1,-5.6,"https://fbref.com/en/squads/a224b06a/2024-2025/Mainz-05-Stats"
2025,"Mallorca","La Liga","team",28,38,34,382,107,28,10.05,2.82,0.08,0.28,16.3,7,4,5,38.8,34.9,0.09,-4.8,-4.9,"https://fbref.com/en/squads/2aa12281/2024-2025/Mallorca-Stats"
2025,"Mallorca","La Liga","opponent",28,38,43,565,162,28.7,14.87,4.26,0.07,0.25,18.5,9,3,3,46.8,44.5,0.08,-3.8,-4.5,"https://fbref.com/en/squads/2aa12281/2024-2025/Mallorca-Stats"
2025,"Manchester City","Premier League","team",30,38,71,603,208,34.5,15.87,5.47,0.11,0.33,16.9,21,3,4,68.1,64.9,0.11,2.9,3.1,"https://fbref.com/en/squads/b8fd03ef/2024-2025/Manchester-City-Stats"
2025,"Manchester City","Premier League","opponent",30,38,42,351,124,35.3,9.24,3.26,0.11,0.31,15.4,5,4,4,47.7,44.6,0.13,-5.7,-6.6,"https://fbref.com/en/squads/b8fd03ef/2024-2025/Manchester-City-Stats"
2025,"Manchester Utd","Premier League","team",31,38,42,524,168,32.1,13.79,4.42,0.07,0.23,17.4,15,4,4,52.6,49.4,0.1,-10.6,-11.4,"https://fbref.com/en/squads/19538871/2024-2025/Manchester-United-Stats"
2025,"Manchester Utd","Premier League","opponent",31,38,52,411,145,35.3,10.82,3.82,0.12,0.34,16.5,14,3,4,53.8,50.8,0.13,-1.8,-1.8,"https://fbref.com/en/squads/19538871/2024-2025/Manchester-United-Stats"
2025,"Marseille","Ligue 1","team",32,34,70,481,185,38.5,14.15,5.44,0.13,0.34,16.7,15,8,10,63.8,55.8,0.12,6.2,6.2,"https://fbref.com/en/squads/5725cc7b/2024-2025/Marseille-Stats"
2025,"Marseille","Ligue 1","opponent",32,34,45,320,129,40.3,9.41,3.79,0.13,0.33,17,11,3,6,45.2,40.9,0.13,-0.2,1.1,"https://fbref.com/en/squads/5725cc7b/2024-2025/Marseille-Stats"
2025,"Milan","Serie A","team",35,38,59,555,185,33.3,14.61,4.87,0.1,0.3,17.9,8,4,8,63.7,57.5,0.11,-4.7,-2.5,"https://fbref.com/en/squads/dc56fe14/2024-2025/Milan-Stats"
2025,"Milan","Serie A","opponent",35,38,40,429,140,32.6,11.29,3.68,0.09,0.28,17.9,14,1,2,41.3,39.7,0.1,-1.3,-0.7,"https://fbref.com/en/squads/dc56fe14/2024-2025/Milan-Stats"
2025,"Monaco","Ligue 1","team",28,34,63,493,180,36.5,14.5,5.29,0.12,0.32,15.7,9,6,7,72.8,67.7,0.14,-9.8,-10.7,"https://fbref.com/en/squads/fd6114db/2024-2025/Monaco-Stats"
2025,"Monaco","Ligue 1","opponent",28,34,41,333,125,37.5,9.79,3.68,0.11,0.3,18.2,5,3,3,34.8,32.7,0.1,6.2,5.3,"https://fbref.com/en/squads/fd6114db/2024-2025/Monaco-Stats"
2025,"Montpellier","Ligue 1","team",35,34,23,371,111,29.9,10.91,3.26,0.05,0.18,18.7,20,3,4,33.5,30.4,0.09,-10.5,-10.4,"https://fbref.com/en/squads/281b0e73/2024-2025/Montpellier-Stats"
2025,"Montpellier","Ligue 1","opponent",35,34,76,523,185,35.4,15.38,5.44,0.13,0.37,16.3,15,8,9,63.3,56.1,0.11,12.7,11.9,"https://fbref.com/en/squads/281b0e73/2024-2025/Montpellier-Stats"
2025,"Monza","Serie A","team",36,38,27,333,99,29.7,8.76,2.61,0.07,0.24,18.3,17,3,3,29.9,27.7,0.09,-2.9,-3.7,"https://fbref.com/en/squads/21680aa4/2024-2025/Monza-Stats"
2025,"Monza","Serie A","opponent",36,38,66,563,179,31.8,14.82,4.71,0.11,0.36,16.8,19,2,4,54.7,51.6,0.09,11.3,12.4,"https://fbref.com/en/squads/21680aa4/2024-2025/Monza-Stats"
2025,"Nantes","Ligue 1","team",30,34,39,345,119,34.5,10.15,3.5,0.1,0.29,15.9,4,5,5,39.1,35.3,0.11,-0.1,-1.3,"https://fbref.com/en/squads/d7a486cd/2024-2025/Nantes-Stats"
2025,"Nantes","Ligue 1","opponent",30,34,49,419,141,33.7,12.32,4.15,0.1,0.3,16.2,8,7,8,55.5,49.3,0.12,-6.5,-7.3,"https://fbref.com/en/squads/d7a486cd/2024-2025/Nantes-Stats"
2025,"Napoli","Serie A","team",27,38,56,499,150,30.1,13.13,3.95,0.1,0.35,16.2,11,4,5,52.9,49.1,0.1,3.1,2.9,"https://fbref.com/en/squads/d48ad4ff/2024-2025/Napoli-Stats"
2025,"Napoli","Serie A","opponent",27,38,25,360,93,25.8,9.47,2.45,0.07,0.26,19.2,19,1,4,29.6,26.3,0.07,-4.6,-2.3,"https://fbref.com/en/squads/d48ad4ff/2024-2025/Napoli-Stats"
2025,"Newcastle Utd","Premier League","team",24,38,66,519,163,31.4,13.66,4.29,0.12,0.37,15.9,14,5,6,63.8,59.5,0.12,2.2,1.5,"https://fbref.com/en/squads/b2b47a98/2024-2025/Newcastle-United-Stats"
2025,"Newcastle Utd","Premier League","opponent",24,38,45,471,159,33.8,12.39,4.18,0.09,0.28,16.7,7,1,2,45.5,44,0.1,-0.5,0,"https://fbref.com/en/squads/b2b47a98/2024-2025/Newcastle-United-Stats"
2025,"Nice","Ligue 1","team",31,34,62,486,183,37.7,14.29,5.38,0.12,0.31,16.2,14,6,6,61.6,56.9,0.13,0.4,-0.9,"https://fbref.com/en/squads/132ebc33/2024-2025/Nice-Stats"
2025,"Nice","Ligue 1","opponent",31,34,40,456,158,34.6,13.41,4.65,0.08,0.24,17.9,13,2,3,40.2,38,0.09,-0.2,0,"https://fbref.com/en/squads/132ebc33/2024-2025/Nice-Stats"
2025,"Nott'ham Forest","Premier League","team",23,38,57,460,162,35.2,12.11,4.26,0.12,0.33,17.5,15,3,3,45.5,43.2,0.1,11.5,10.8,"https://fbref.com/en/squads/e4a775cb/2024-2025/Nottingham-Forest-Stats"
2025,"Nott'ham Forest","Premier League","opponent",23,38,46,528,162,30.7,13.89,4.26,0.08,0.27,16.8,11,3,3,48.9,46.5,0.09,-2.9,-3.5,"https://fbref.com/en/squads/e4a775cb/2024-2025/Nottingham-Forest-Stats"
2025,"Osasuna","La Liga","team",25,38,46,409,123,30.1,10.76,3.24,0.09,0.3,16.7,9,9,9,44,37.8,0.09,2,-0.8,"https://fbref.com/en/squads/03c57e2b/2024-2025/Osasuna-Stats"
2025,"Osasuna","La Liga","opponent",25,38,51,461,180,39,12.13,4.74,0.1,0.24,18.1,22,7,7,53.7,48.3,0.11,-2.7,-4.3,"https://fbref.com/en/squads/03c57e2b/2024-2025/Osasuna-Stats"
2025,"Paris S-G","Ligue 1","team",28,34,89,628,272,43.3,18.47,8,0.13,0.31,16.3,13,6,7,88.9,83.3,0.14,0.1,-0.3,"https://fbref.com/en/squads/e2d8892c/2024-2025/Paris-Saint-Germain-Stats"
2025,"Paris S-G","Ligue 1","opponent",28,34,34,309,100,32.4,9.09,2.94,0.1,0.31,17.6,6,3,3,31.2,29,0.1,2.8,2,"https://fbref.com/en/squads/e2d8892c/2024-2025/Paris-Saint-Germain-Stats"
2025,"Parma","Serie A","team",32,38,43,418,140,33.5,11,3.68,0.09,0.26,19.3,22,6,7,43.1,37.6,0.09,-0.1,-0.6,"https://fbref.com/en/squads/eab4234c/2024-2025/Parma-Stats"
2025,"Parma","Serie A","opponent",32,38,56,537,153,28.5,14.13,4.03,0.09,0.33,17.1,20,5,5,56.4,52.6,0.1,-0.4,-1.6,"https://fbref.com/en/squads/eab4234c/2024-2025/Parma-Stats"
2025,"RB Leipzig","Bundesliga","team",29,34,51,405,144,35.6,11.91,4.24,0.12,0.33,16.7,11,3,4,46.6,43.4,0.11,4.4,4.6,"https://fbref.com/en/squads/acbb6a5b/2024-2025/RB-Leipzig-Stats"
2025,"RB Leipzig","Bundesliga","opponent",29,34,48,497,155,31.2,14.62,4.56,0.09,0.3,16.2,12,2,3,53.3,51,0.11,-5.3,-5,"https://fbref.com/en/squads/acbb6a5b/2024-2025/RB-Leipzig-Stats"
2025,"Rayo Vallecano","La Liga","team",26,38,38,514,162,31.5,13.53,4.26,0.07,0.23,19.3,25,0,1,45.4,44.6,0.09,-7.4,-6.6,"https://fbref.com/en/squads/98e8af82/2024-2025/Rayo-Vallecano-Stats"
2025,"Rayo Vallecano","La Liga","opponent",26,38,44,461,145,31.5,12.13,3.82,0.08,0.26,17.4,11,6,8,49,42.7,0.09,-5,-4.7,"https://fbref.com/en/squads/98e8af82/2024-2025/Rayo-Vallecano-Stats"
2025,"Real Madrid","La Liga","team",30,38,78,621,229,36.9,16.34,6.03,0.11,0.3,18.1,15,10,14,75.3,64.5,0.11,2.7,3.5,"https://fbref.com/en/squads/53a2f082/2024-2025/Real-Madrid-Stats"
2025,"Real Madrid","La Liga","opponent",30,38,37,402,123,30.6,10.58,3.24,0.08,0.28,18.1,9,3,3,42.8,40.8,0.11,-5.8,-6.8,"https://fbref.com/en/squads/53a2f082/2024-2025/Real-Madrid-Stats"
2025,"Real Sociedad","La Liga","team",31,38,34,385,122,31.7,10.13,3.21,0.08,0.25,17.5,10,4,4,42.5,39.3,0.1,-8.5,-9.3,"https://fbref.com/en/squads/e31d1cd9/2024-2025/Real-Sociedad-Stats"
2025,"Real Sociedad","La Liga","opponent",31,38,46,432,135,31.3,11.37,3.55,0.09,0.3,18.7,14,5,7,43.9,38.3,0.09,2.1,2.7,"https://fbref.com/en/squads/e31d1cd9/2024-2025/Real-Sociedad-Stats"
2025,"Reims","Ligue 1","team",34,34,32,393,111,28.2,11.56,3.26,0.08,0.28,17.6,8,1,2,37.4,35.9,0.09,-5.4,-4.9,"https://fbref.com/en/squads/7fdd64e0/2024-2025/Reims-Stats"
2025,"Reims","Ligue 1","opponent",34,34,47,496,174,35.1,14.59,5.12,0.09,0.25,16.7,9,4,5,57.4,53.5,0.11,-10.4,-10.5,"https://fbref.com/en/squads/7fdd64e0/2024-2025/Reims-Stats"
2025,"Rennes","Ligue 1","team",35,34,51,423,155,36.6,12.44,4.56,0.11,0.3,17.3,8,5,8,48.6,42.7,0.1,2.4,3.3,"https://fbref.com/en/squads/b3072e00/2024-2025/Rennes-Stats"
2025,"Rennes","Ligue 1","opponent",35,34,48,370,132,35.7,10.88,3.88,0.12,0.34,16.6,8,3,6,46,41.4,0.11,2,3.6,"https://fbref.com/en/squads/b3072e00/2024-2025/Rennes-Stats"
2025,"Roma","Serie A","team",28,38,55,514,162,31.5,13.53,4.26,0.09,0.29,17.9,15,8,8,53,46.7,0.09,2,0.3,"https://fbref.com/en/squads/cf74a709/2024-2025/Roma-Stats"
2025,"Roma","Serie A","opponent",28,38,34,437,147,33.6,11.5,3.87,0.07,0.2,18.2,13,4,4,40.9,37.7,0.09,-6.9,-7.7,"https://fbref.com/en/squads/cf74a709/2024-2025/Roma-Stats"
2025,"Saint-Étienne","Ligue 1","team",32,34,39,366,115,31.4,10.76,3.38,0.1,0.31,18.1,8,3,4,36.4,33.2,0.1,2.6,2.8,"https://fbref.com/en/squads/d298ef2c/2024-2025/Saint-Etienne-Stats"
2025,"Saint-Étienne","Ligue 1","opponent",32,34,75,536,194,36.2,15.76,5.71,0.12,0.32,15.7,12,13,15,74.3,62.3,0.12,0.7,-0.3,"https://fbref.com/en/squads/d298ef2c/2024-2025/Saint-Etienne-Stats"
2025,"Sevilla","La Liga","team",35,38,39,472,148,31.4,12.42,3.89,0.08,0.25,18.8,14,2,3,42.7,40.3,0.09,-3.7,-3.3,"https://fbref.com/en/squads/ad2be733/2024-2025/Sevilla-Stats"
2025,"Sevilla","La Liga","opponent",35,38,54,409,142,34.7,10.76,3.74,0.12,0.35,17.8,15,5,6,47.4,42.7,0.11,6.6,6.3,"https://fbref.com/en/squads/ad2be733/2024-2025/Sevilla-Stats"
2025,"Southampton","Premier League","team",36,38,25,341,106,31.1,8.97,2.79,0.07,0.24,16.3,7,0,2,32.7,30.9,0.09,-7.7,-5.9,"https://fbref.com/en/squads/33c895d4/2024-2025/Southampton-Stats"
2025,"Southampton","Premier League","opponent",36,38,86,672,236,35.1,17.68,6.21,0.12,0.33,16.3,18,7,9,84.8,77.9,0.12,1.2,1.1,"https://fbref.com/en/squads/33c895d4/2024-2025/Southampton-Stats"
2025,"St. Pauli","Bundesliga","team",28,34,26,377,109,28.9,11.09,3.21,0.07,0.23,17.4,14,1,2,35.3,33.7,0.09,-9.3,-8.7,"https://fbref.com/en/squads/54864664/2024-2025/St-Pauli-Stats"
2025,"St. Pauli","Bundesliga","opponent",28,34,40,375,135,36,11.03,3.97,0.1,0.29,16.1,6,1,5,45.4,41.5,0.11,-5.4,-2.5,"https://fbref.com/en/squads/54864664/2024-2025/St-Pauli-Stats"
2025,"Strasbourg","Ligue 1","team",30,34,54,354,140,39.5,10.41,4.12,0.15,0.37,16,10,2,2,49.3,47.7,0.14,4.7,4.3,"https://fbref.com/en/squads/c0d3eab4/2024-2025/Strasbourg-Stats"
2025,"Strasbourg","Ligue 1","opponent",30,34,42,448,160,35.7,13.18,4.71,0.08,0.21,16.7,9,8,9,56.1,49.3,0.11,-14.1,-15.3,"https://fbref.com/en/squads/c0d3eab4/2024-2025/Strasbourg-Stats"
2025,"Stuttgart","Bundesliga","team",29,34,61,465,172,37,13.68,5.06,0.13,0.34,15.7,9,2,6,62.3,57.7,0.13,-1.3,1.3,"https://fbref.com/en/squads/598bc722/2024-2025/Stuttgart-Stats"
2025,"Stuttgart","Bundesliga","opponent",29,34,52,386,133,34.5,11.35,3.91,0.13,0.38,17,10,2,3,46.9,44.5,0.12,5.1,5.5,"https://fbref.com/en/squads/598bc722/2024-2025/Stuttgart-Stats"
2025,"Torino","Serie A","team",31,38,36,383,123,32.1,10.08,3.24,0.09,0.28,18.6,12,2,4,34.6,31.6,0.08,1.4,2.4,"https://fbref.com/en/squads/105360fe/2024-2025/Torino-Stats"
2025,"Torino","Serie A","opponent",31,38,43,522,173,33.1,13.74,4.55,0.08,0.23,17.3,9,3,7,50.4,44.9,0.09,-7.4,-4.9,"https://fbref.com/en/squads/105360fe/2024-2025/Torino-Stats"
2025,"Tottenham","Premier League","team",31,38,61,493,177,35.9,12.97,4.66,0.12,0.33,16,13,3,4,58.8,55.7,0.12,2.2,2.3,"https://fbref.com/en/squads/361ca564/2024-2025/Tottenham-Hotspur-Stats"
2025,"Tottenham","Premier League","opponent",31,38,61,519,177,34.1,13.66,4.66,0.11,0.33,15.8,8,3,3,63.3,60.9,0.12,-2.3,-2.9,"https://fbref.com/en/squads/361ca564/2024-2025/Tottenham-Hotspur-Stats"
2025,"Toulouse","Ligue 1","team",27,34,42,399,145,36.3,11.74,4.26,0.1,0.27,15.4,7,3,4,49.1,46,0.12,-7.1,-7,"https://fbref.com/en/squads/3f8c4b5f/2024-2025/Toulouse-Stats"
2025,"Toulouse","Ligue 1","opponent",27,34,40,347,106,30.5,10.21,3.12,0.11,0.37,17.6,11,1,2,36.8,35.2,0.1,3.2,3.8,"https://fbref.com/en/squads/3f8c4b5f/2024-2025/Toulouse-Stats"
2025,"Udinese","Serie A","team",31,38,41,430,137,31.9,11.32,3.61,0.09,0.28,17.7,15,2,4,38.2,35,0.08,2.8,4,"https://fbref.com/en/squads/04eea015/2024-2025/Udinese-Stats"
2025,"Udinese","Serie A","opponent",31,38,51,496,157,31.7,13.05,4.13,0.09,0.28,16.8,12,7,8,52.6,46.5,0.1,-1.6,-2.5,"https://fbref.com/en/squads/04eea015/2024-2025/Udinese-Stats"
2025,"Union Berlin","Bundesliga","team",28,34,36,414,120,29,12.18,3.53,0.08,0.28,16.6,7,3,3,37,34.7,0.08,-1,-1.7,"https://fbref.com/en/squads/7a41008f/2024-2025/Union-Berlin-Stats"
2025,"Union Berlin","Bundesliga","opponent",28,34,49,410,133,32.4,12.06,3.91,0.11,0.35,16.9,13,2,6,47.8,43,0.11,1.2,4,"https://fbref.com/en/squads/7a41008f/2024-2025/Union-Berlin-Stats"
2025,"Valencia","La Liga","team",32,38,43,383,116,30.3,10.08,3.05,0.1,0.33,17.2,6,5,5,43.3,39.3,0.11,-0.3,-1.3,"https://fbref.com/en/squads/dcc91a7b/2024-2025/Valencia-Stats"
2025,"Valencia","La Liga","opponent",32,38,51,417,140,33.6,10.97,3.68,0.11,0.32,17.7,11,6,9,51.9,44.9,0.11,-0.9,0.1,"https://fbref.com/en/squads/dcc91a7b/2024-2025/Valencia-Stats"
2025,"Valladolid","La Liga","team",38,38,26,331,97,29.3,8.71,2.55,0.06,0.22,18,11,5,5,34.6,30.7,0.09,-8.6,-9.7,"https://fbref.com/en/squads/17859612/2024-2025/Valladolid-Stats"
2025,"Valladolid","La Liga","opponent",38,38,89,592,197,33.3,15.58,5.18,0.14,0.42,17.7,28,7,7,67.6,62.4,0.11,21.4,19.6,"https://fbref.com/en/squads/17859612/2024-2025/Valladolid-Stats"
2025,"Venezia","Serie A","team",36,38,31,381,120,31.5,10.03,3.16,0.07,0.23,18.5,25,4,5,35.8,32,0.09,-4.8,-5,"https://fbref.com/en/squads/af5d5982/2024-2025/Venezia-Stats"
2025,"Venezia","Serie A","opponent",36,38,53,556,177,31.8,14.63,4.66,0.08,0.24,17.2,15,10,11,57.5,48.9,0.09,-4.5,-5.9,"https://fbref.com/en/squads/af5d5982/2024-2025/Venezia-Stats"
2025,"Villarreal","La Liga","team",31,38,69,530,171,32.3,13.95,4.5,0.12,0.37,16,9,5,7,64.8,59.1,0.12,4.2,4.9,"https://fbref.com/en/squads/2a8183b3/2024-2025/Villarreal-Stats"
2025,"Villarreal","La Liga","opponent",31,38,50,475,153,32.2,12.5,4.03,0.09,0.28,18.5,13,7,8,44.4,38.2,0.08,5.6,4.8,"https://fbref.com/en/squads/2a8183b3/2024-2025/Villarreal-Stats"
2025,"Werder Bremen","Bundesliga","team",23,34,53,424,138,32.5,12.47,4.06,0.12,0.36,16,12,3,5,49.1,45.7,0.11,3.9,4.3,"https://fbref.com/en/squads/62add3bf/2024-2025/Werder-Bremen-Stats"
2025,"Werder Bremen","Bundesliga","opponent",23,34,54,467,153,32.8,13.74,4.5,0.11,0.33,17.6,18,3,3,48.1,45.7,0.1,5.9,5.3,"https://fbref.com/en/squads/62add3bf/2024-2025/Werder-Bremen-Stats"
2025,"West Ham","Premier League","team",27,38,43,473,137,29,12.45,3.61,0.08,0.29,16.3,14,3,3,47,44.7,0.1,-4,-4.7,"https://fbref.com/en/squads/7c21e445/2024-2025/West-Ham-United-Stats"
2025,"West Ham","Premier League","opponent",27,38,59,580,183,31.6,15.26,4.82,0.1,0.31,16.9,18,3,3,59.7,57.4,0.1,-0.7,-1.4,"https://fbref.com/en/squads/7c21e445/2024-2025/West-Ham-United-Stats"
2025,"Wolfsburg","Bundesliga","team",27,34,53,432,137,31.7,12.71,4.03,0.11,0.36,17.3,13,4,5,47.5,43.4,0.1,5.5,5.6,"https://fbref.com/en/squads/4eaa11d7/2024-2025/Wolfsburg-Stats"
2025,"Wolfsburg","Bundesliga","opponent",27,34,53,470,157,33.4,13.82,4.62,0.11,0.32,16.5,13,2,3,52.5,50.1,0.11,0.5,0.9,"https://fbref.com/en/squads/4eaa11d7/2024-2025/Wolfsburg-Stats"
2025,"Wolves","Premier League","team",32,38,53,431,155,36,11.34,4.08,0.12,0.34,18.1,18,0,0,43.7,43.7,0.1,9.3,9.3,"https://fbref.com/en/squads/8cec06e1/2024-2025/Wolverhampton-Wanderers-Stats"
2025,"Wolves","Premier League","opponent",32,38,66,464,159,34.3,12.21,4.18,0.13,0.37,16.5,19,7,9,58.1,51,0.11,7.9,8,"https://fbref.com/en/squads/8cec06e1/2024-2025/Wolverhampton-Wanderers-Stats"
