"Season_End_Year","Squad","Comp","Player","Nation","Pos","Age","Born","Mins_Per_90","GA_Goals","PKA_Goals","FK_Goals","CK_Goals","OG_Goals","PSxG_Expected","PSxG_per_SoT_Expected","PSxG+_per__minus__Expected","_per_90_Expected","Cmp_Launched","Att_Launched","Cmp_percent_Launched","Att (GK)_Passes","Thr_Passes","Launch_percent_Passes","AvgLen_Passes","Att_Goal","Launch_percent_Goal","AvgLen_Goal","Opp_Crosses","Stp_Crosses","Stp_percent_Crosses","#OPA_Sweeper","#OPA_per_90_Sweeper","AvgDist_Sweeper","Url"
2025,"Alavés","La Liga","Jesús Owono","EQG","GK","24-087",2001,5.4,7,1,0,2,0,5.4,0.37,-1.6,-0.29,46,105,43.8,126,12,55.6,43,36,97.2,67.5,66,6,9.1,2,0.37,8.9,"https://fbref.com/en/players/d6e3d7fb/Jesus-Owono"
2025,"Alavés","La Liga","Adrian Rodriguez","ESP","GK","24-166",2000,1.4,2,1,0,0,0,1.5,0.13,-0.5,-0.36,18,48,37.5,26,0,92.3,56.3,24,100,67.4,33,0,0,0,0,9.8,"https://fbref.com/en/players/bf17fb4a/Adrian-Rodriguez"
2025,"Alavés","La Liga","Antonio Sivera","ESP","GK","28-289",1996,31.2,39,9,2,2,2,39,0.28,2,0.06,297,724,41,735,70,71.8,47.7,229,85.6,60,453,30,6.6,29,0.93,12.7,"https://fbref.com/en/players/9970da54/Antonio-Sivera"
2025,"Angers","Ligue 1","Yahia Fofana","CIV","GK","24-279",2000,33,51,3,0,7,0,63.5,0.34,12.5,0.38,144,435,33.1,751,180,38.6,35.8,261,55.6,43.6,531,48,9,20,0.61,10.7,"https://fbref.com/en/players/9d420dad/Yahia-Fofana"
2025,"Angers","Ligue 1","Melvin Zinga","FRA","GK","23-072",2002,1,2,1,0,0,0,2.4,0.41,0.4,0.4,2,11,18.2,22,4,40.9,39,11,18.2,25.6,20,1,5,2,2,16.8,"https://fbref.com/en/players/1d59fe9c/Melvin-Zinga"
2025,"Arsenal","Premier League","David Raya","ESP","GK","29-254",1995,38,34,3,2,8,0,35.1,0.28,1.1,0.03,149,478,31.2,1263,178,29.9,29.9,147,68,49.1,402,53,13.2,66,1.74,17.2,"https://fbref.com/en/players/98ea5115/David-Raya"
2025,"Aston Villa","Premier League","Emiliano Martínez","ARG","GK","32-267",1992,35.5,45,1,1,2,0,45.8,0.32,0.8,0.02,162,420,38.6,1208,132,26.3,30.4,172,59.3,46.3,498,56,11.2,35,0.99,13.7,"https://fbref.com/en/players/7956236f/Emiliano-Martinez"
2025,"Aston Villa","Premier League","Robin Olsen","SWE","GK","35-139",1990,2.5,6,1,0,0,0,6.3,0.4,0.3,0.12,19,54,35.2,75,1,42.7,35.9,26,84.6,60,40,3,7.5,0,0,8.6,"https://fbref.com/en/players/e7ee38c3/Robin-Olsen"
2025,"Atalanta","Serie A","Marco Carnesecchi","ITA","GK","24-330",2000,34,34,2,0,4,2,36.1,0.28,4.1,0.12,121,374,32.4,878,177,28.2,32.3,201,62.7,48.2,319,21,6.6,45,1.32,14.5,"https://fbref.com/en/players/8ec56e62/Marco-Carnesecchi"
2025,"Atalanta","Serie A","Juan Musso","ARG","GK","31-021",1994,1,0,0,0,0,0,0.7,0.19,0.7,0.74,4,20,20,19,4,36.8,33.1,14,92.9,56.9,15,0,0,1,1,17.5,"https://fbref.com/en/players/a111cf41/Juan-Musso"
2025,"Atalanta","Serie A","Rui Patrício","POR","GK","37-101",1988,3,3,0,0,0,0,4.2,0.34,1.2,0.41,8,19,42.1,83,12,18.1,27.6,18,22.2,32.1,29,0,0,10,3.33,23.1,"https://fbref.com/en/players/79b0d6a0/Rui-Patricio"
2025,"Athletic Club","La Liga","Julen Agirrezabala","ESP","GK","24-152",2000,13.4,9,1,2,1,0,10.5,0.27,1.5,0.11,57,178,32,341,51,37.5,33.9,66,75.8,54.9,143,20,14,17,1.27,14.2,"https://fbref.com/en/players/a2c1a8d3/Julen-Agirrezabala"
2025,"Athletic Club","La Liga","Alex Padilla","ESP","GK","21-268",2003,3.6,6,1,0,1,1,4.8,0.26,-0.2,-0.06,27,78,34.6,98,15,58.2,41.5,22,95.5,64.5,57,2,3.5,3,0.84,13.4,"https://fbref.com/en/players/a275838a/Alex-Padilla"
2025,"Athletic Club","La Liga","Unai Simón","ESP","GK","27-350",1997,21,14,1,0,2,0,16.3,0.24,2.3,0.11,106,284,37.3,533,91,36.2,34.4,117,77.8,58.3,249,19,7.6,28,1.33,15.5,"https://fbref.com/en/players/5dcf3e90/Unai-Simon"
2025,"Atlético Madrid","La Liga","Juan Musso","ARG","GK","31-021",1994,2,0,0,0,0,0,0.1,0.05,0.1,0.05,1,9,11.1,46,11,15.2,24,13,15.4,25.2,23,2,8.7,0,0,11.2,"https://fbref.com/en/players/a111cf41/Juan-Musso"
2025,"Atlético Madrid","La Liga","Jan Oblak","SVN","GK","32-140",1993,36,30,5,1,3,2,25.6,0.19,-2.4,-0.07,109,277,39.4,670,183,24.3,30.2,277,41.2,36.7,488,28,5.7,28,0.78,14,"https://fbref.com/en/players/ee8508c0/Jan-Oblak"
2025,"Augsburg","Bundesliga","Finn Dahmen","GER","GK","27-061",1998,19,19,2,0,3,2,24.2,0.29,7.2,0.38,129,341,37.8,614,51,38.6,34.9,145,71.7,53.2,337,9,2.7,26,1.37,14.7,"https://fbref.com/en/players/dee3013b/Finn-Dahmen"
2025,"Augsburg","Bundesliga","Nediljko Labrović","CRO","GK","25-229",1999,15,32,3,1,2,0,25.9,0.32,-6.1,-0.4,83,220,37.7,397,72,38.8,35.2,105,62.9,47.4,217,12,5.5,18,1.2,13.3,"https://fbref.com/en/players/208fc867/Nediljko-Labrovic"
2025,"Auxerre","Ligue 1","Théo De Percin","MTQ","GK","24-114",2001,2,3,1,0,0,0,3.5,0.22,0.5,0.23,8,31,25.8,46,5,45.7,40.3,12,83.3,55.3,38,3,7.9,3,1.5,13.1,"https://fbref.com/en/players/afbb55d2/Theo-De-Percin"
2025,"Auxerre","Ligue 1","Donovan Léon","GUF","GK","32-205",1992,32,48,5,0,7,3,55.8,0.32,10.8,0.34,213,649,32.8,935,173,53,42,195,78.5,56.4,518,28,5.4,39,1.22,14.6,"https://fbref.com/en/players/51c83a90/Donovan-Leon"
2025,"Barcelona","La Liga","Iñaki Peña","ESP","GK","26-086",1999,15.5,18,2,0,1,0,16.7,0.29,-1.3,-0.08,23,78,29.5,546,80,10.8,24.7,84,22.6,30.3,143,3,2.1,89,5.74,23.5,"https://fbref.com/en/players/cc1c5035/Inaki-Pena"
2025,"Barcelona","La Liga","Wojciech Szczęsny","POL","GK","35-039",1990,15,12,1,0,1,0,12,0.35,0,0,24,63,38.1,398,61,12.3,25.1,54,25.9,31,130,7,5.4,56,3.73,20.2,"https://fbref.com/en/players/01b8a2b2/Wojciech-Szczesny"
2025,"Barcelona","La Liga","Marc-André ter Stegen","GER","GK","33-027",1992,7.5,9,1,0,1,0,6.4,0.26,-2.6,-0.34,15,31,48.4,224,40,12.1,26.5,27,14.8,32,83,5,6,13,1.74,17,"https://fbref.com/en/players/6f51e382/Marc-Andre-ter-Stegen"
2025,"Bayern Munich","Bundesliga","Manuel Neuer","GER","GK","39-061",1986,22,15,1,0,2,0,15,0.33,0,0,92,194,47.4,867,81,20,27.7,56,37.5,37.3,162,6,3.7,40,1.82,19.6,"https://fbref.com/en/players/8778c910/Manuel-Neuer"
2025,"Bayern Munich","Bundesliga","Daniel Peretz","ISR","GK","24-321",2000,3,5,0,0,0,0,4,0.58,-1,-0.32,5,25,20,96,5,25,29.5,7,14.3,29.6,17,0,0,8,2.67,21.2,"https://fbref.com/en/players/3f29b3ba/Daniel-Peretz"
2025,"Bayern Munich","Bundesliga","Sven Ulreich","GER","GK","36-297",1988,1,0,0,0,0,0,0,NA,0,0,3,8,37.5,29,4,27.6,28.2,1,0,9,7,1,14.3,1,1,12.3,"https://fbref.com/en/players/7d3e7da6/Sven-Ulreich"
2025,"Bayern Munich","Bundesliga","Jonas Urbig","GER","GK","21-292",2003,8,12,0,0,2,0,10.3,0.38,-1.7,-0.21,30,79,38,263,33,26.2,30.9,23,43.5,43.1,81,5,6.2,21,2.63,17.4,"https://fbref.com/en/players/925bbcdc/Jonas-Urbig"
2025,"Betis","La Liga","Adrián","ESP","GK","38-144",1987,19,27,1,2,5,0,26,0.33,-1,-0.05,58,178,32.6,507,91,28,31.2,109,33,33.8,257,14,5.4,16,0.84,11.7,"https://fbref.com/en/players/f76e6b4e/Adrian"
2025,"Betis","La Liga","Rui Silva","POR","GK","31-109",1994,15,18,3,0,3,1,18.4,0.3,1.4,0.1,45,144,31.3,446,70,26,30.8,76,36.8,35.9,194,10,5.2,31,2.07,18.9,"https://fbref.com/en/players/ea83bfa6/Rui-Silva"
2025,"Betis","La Liga","Fran Vieites","ESP","GK","26-020",1999,4,5,0,0,0,0,4.7,0.42,-0.3,-0.09,12,54,22.2,90,16,40,38,29,62.1,46.4,65,6,9.2,4,1,12.8,"https://fbref.com/en/players/2ae958ab/Fran-Vieites"
2025,"Bochum","Bundesliga","Patrick Drewes","GER","GK","32-112",1993,21,46,3,2,4,0,42.3,0.38,-3.7,-0.18,218,484,45,681,65,50.1,37.6,177,80.8,52.6,285,12,4.2,33,1.57,15.8,"https://fbref.com/en/players/a8403737/Patrick-Drewes"
2025,"Bochum","Bundesliga","Timo Horn","GER","GK","32-015",1993,13,22,0,1,3,0,18.5,0.35,-3.5,-0.27,129,332,38.9,400,29,60.8,43.6,98,90.8,61.8,182,6,3.3,18,1.38,14.8,"https://fbref.com/en/players/3cd9e95a/Timo-Horn"
2025,"Bologna","Serie A","Federico Ravaglia","ITA","GK","25-197",1999,11.7,14,1,0,2,0,11.7,0.46,-2.3,-0.2,48,138,34.8,426,45,27.5,30.8,47,44.7,40.4,97,11,11.3,9,0.77,12.9,"https://fbref.com/en/players/6662d731/Federico-Ravaglia"
2025,"Bologna","Serie A","Łukasz Skorupski","POL","GK","34-022",1991,26.3,33,1,0,1,2,28.7,0.34,-2.3,-0.09,123,329,37.4,1005,113,27.9,31.6,95,51.6,44.7,215,18,8.4,23,0.88,13,"https://fbref.com/en/players/ab4449d6/Lukasz-Skorupski"
2025,"Bournemouth","Premier League","Kepa Arrizabalaga","ESP","GK","30-236",1994,31,39,4,0,4,0,41,0.28,2,0.07,132,365,36.2,831,122,33.2,32.9,192,46.4,38.7,367,22,6,54,1.74,16,"https://fbref.com/en/players/28d596a0/Kepa-Arrizabalaga"
2025,"Bournemouth","Premier League","Neto","BRA","GK","35-312",1989,2,2,0,0,0,0,4.3,0.35,2.3,1.17,9,27,33.3,46,7,43.5,36.8,15,46.7,38.9,30,2,6.7,3,1.5,12.6,"https://fbref.com/en/players/a9dc785c/Neto"
2025,"Bournemouth","Premier League","Mark Travers","IRL","GK","26-009",1999,5,5,0,1,1,0,9.5,0.38,4.5,0.89,33,73,45.2,103,29,41.7,36.3,39,76.9,55.8,63,1,1.6,5,1,12.9,"https://fbref.com/en/players/fe558029/Mark-Travers"
2025,"Brentford","Premier League","Mark Flekken","NED","GK","31-348",1993,36.4,55,1,0,2,2,52.7,0.26,-0.3,-0.01,249,659,37.8,1498,122,33.7,34.4,212,72.6,54.8,581,46,7.9,34,0.93,11.5,"https://fbref.com/en/players/a92ab7be/Mark-Flekken"
2025,"Brentford","Premier League","Hákon Rafn Valdimarsson","ISL","GK","23-226",2001,1.6,2,0,0,0,1,0.6,0.14,-0.4,-0.26,15,38,39.5,54,7,42.6,34.9,16,93.8,59.3,16,2,12.5,0,0,4.7,"https://fbref.com/en/players/57a34cf4/Hakon-Rafn-Valdimarsson"
2025,"Brest","Ligue 1","Marco Bizot","NED","GK","34-078",1991,32,54,8,1,4,1,46.2,0.31,-6.8,-0.21,218,522,41.8,902,134,42,36,216,66.2,49.2,459,33,7.2,53,1.66,16.2,"https://fbref.com/en/players/3d214e5f/Marco-Bizot"
2025,"Brest","Ligue 1","Grégoire Coudert","FRA","GK","26-054",1999,2,5,0,0,1,1,2.8,0.22,-1.2,-0.6,6,20,30,60,7,28.3,31.4,8,37.5,36.5,30,1,3.3,3,1.5,18.5,"https://fbref.com/en/players/ca95200f/Gregoire-Coudert"
2025,"Brighton","Premier League","Jason Steele","ENG","GK","34-282",1990,2,1,0,0,0,0,0.5,0.12,-0.5,-0.26,7,16,43.8,110,7,13.6,25.1,2,50,43,22,2,9.1,3,1.5,15.4,"https://fbref.com/en/players/28300a16/Jason-Steele"
2025,"Brighton","Premier League","Bart Verbruggen","NED","GK","22-282",2002,36,58,9,1,4,2,51,0.31,-5,-0.14,122,386,31.6,1226,122,26.9,29.7,83,67.5,48.5,414,27,6.5,47,1.31,13.9,"https://fbref.com/en/players/cf134113/Bart-Verbruggen"
2025,"Cagliari","Serie A","Elia Caprile","ITA","GK","23-275",2001,18,22,1,0,4,0,23.5,0.35,1.5,0.08,132,332,39.8,546,93,44.1,36.8,159,57.2,45.2,266,18,6.8,23,1.28,15.6,"https://fbref.com/en/players/97d7afbd/Elia-Caprile"
2025,"Cagliari","Serie A","Giuseppe Ciocci","ITA","GK","23-123",2002,0.1,0,0,0,0,0,0,NA,0,0,0,0,NA,1,0,0,6,0,NA,NA,0,0,NA,1,10,21,"https://fbref.com/en/players/d6416327/Giuseppe-Ciocci"
2025,"Cagliari","Serie A","Simone Scuffet","ITA","GK","28-361",1996,13,23,5,0,6,0,20.4,0.28,-2.6,-0.2,71,181,39.2,305,50,42,35.5,99,53.5,42.3,189,6,3.2,7,0.54,11.8,"https://fbref.com/en/players/41bd99ea/Simone-Scuffet"
2025,"Cagliari","Serie A","Alen Sherri","ALB","GK","27-163",1997,6.9,11,0,0,0,0,10.9,0.35,-0.1,-0.02,29,84,34.5,168,22,35.7,32.2,57,42.1,37,85,4,4.7,5,0.72,11.1,"https://fbref.com/en/players/eebf35b6/Alen-Sherri"
2025,"Celta Vigo","La Liga","Vicente Guaita","ESP","GK","38-137",1987,34,48,3,0,6,0,40.6,0.3,-7.4,-0.22,66,220,30,740,195,18.4,27.3,230,36.5,35.4,436,26,6,44,1.29,14,"https://fbref.com/en/players/ab13a5aa/Vicente-Guaita"
2025,"Celta Vigo","La Liga","Iván Villar","ESP","GK","27-322",1997,4,9,0,0,3,2,8.2,0.4,1.2,0.3,3,22,13.6,82,15,14.6,24,35,28.6,26.9,65,1,1.5,5,1.25,14.8,"https://fbref.com/en/players/cde52ef5/Ivan-Villar"
2025,"Chelsea","Premier League","Filip Jørgensen","DEN","GK","23-041",2002,6,9,1,0,1,0,9.3,0.3,0.3,0.04,7,33,21.2,171,19,18.1,24.1,18,11.1,17.5,53,2,3.8,2,0.33,13.2,"https://fbref.com/en/players/0107757e/Filip-Jorgensen"
2025,"Chelsea","Premier League","Robert Sánchez","ESP","GK","27-190",1997,32,34,4,0,4,0,35.7,0.25,1.7,0.05,98,424,23.1,1160,190,33.3,33.4,82,46.3,40.3,370,47,12.7,57,1.78,14.5,"https://fbref.com/en/players/6a713852/Robert-Sanchez"
2025,"Como","Serie A","Emil Audero","IDN","GK","28-129",1997,8,18,4,0,2,0,12.4,0.27,-5.6,-0.7,17,55,30.9,232,30,22,28.6,21,19,27.5,95,5,5.3,8,1,12.9,"https://fbref.com/en/players/649b01d8/Emil-Audero"
2025,"Como","Serie A","Jean Butez","FRA","GK","29-353",1995,18.5,20,2,0,1,0,20.1,0.27,0.1,0,90,235,38.3,709,92,30.2,32,43,48.8,42.7,190,22,11.6,51,2.76,18.2,"https://fbref.com/en/players/7f40333d/Jean-Butez"
2025,"Como","Serie A","Pepe Reina","ESP","GK","42-269",1982,11.5,14,1,0,4,0,12.1,0.28,-1.9,-0.16,43,115,37.4,330,41,32.4,31.9,34,23.5,28.4,148,2,1.4,6,0.52,12.5,"https://fbref.com/en/players/e358587b/Pepe-Reina"
2025,"Crystal Palace","Premier League","Dean Henderson","ENG","GK","28-076",1997,38,51,1,1,5,3,51.2,0.35,3.2,0.08,157,600,26.2,943,115,47.4,38.5,273,56,44.9,560,30,5.4,40,1.05,14.3,"https://fbref.com/en/players/e5a76dfe/Dean-Henderson"
2025,"Dortmund","Bundesliga","Gregor Kobel","SUI","GK","27-172",1997,32,47,4,0,5,1,47.4,0.35,1.4,0.04,112,336,33.3,1117,126,23.7,28.6,121,58.7,45.3,420,22,5.2,47,1.47,15.7,"https://fbref.com/en/players/cd59b9df/Gregor-Kobel"
2025,"Dortmund","Bundesliga","Alexander Meyer","GER","GK","34-044",1991,2,4,0,0,0,0,4,0.36,0,0,8,33,24.2,76,3,35.5,34.8,7,85.7,63.6,24,1,4.2,2,1,14.8,"https://fbref.com/en/players/b56dd813/Alexander-Meyer"
2025,"Eint Frankfurt","Bundesliga","Kauã Santos","BRA","GK","22-046",2003,8.5,12,1,0,4,1,14.3,0.3,3.3,0.39,40,116,34.5,248,34,37.1,33.2,44,54.5,42.9,137,16,11.7,18,2.12,14,"https://fbref.com/en/players/c7c50cb5/Kaua-Santos"
2025,"Eint Frankfurt","Bundesliga","Kevin Trapp","GER","GK","34-323",1990,25.5,34,0,0,6,1,34.9,0.3,1.9,0.08,89,312,28.5,813,123,31.7,29.9,130,41.5,36.9,394,24,6.1,28,1.1,13.6,"https://fbref.com/en/players/ce17b5eb/Kevin-Trapp"
2025,"Empoli","Serie A","Jacopo Seghetti","ITA","GK","20-099",2005,1,3,0,0,0,0,1.9,0.31,-1.1,-1.12,3,9,33.3,16,5,37.5,33.8,5,60,39,4,0,0,1,1,26,"https://fbref.com/en/players/70a10677/Jacopo-Seghetti"
2025,"Empoli","Serie A","Marco Silvestri","ITA","GK","34-086",1991,5,11,0,0,3,1,8,0.32,-2,-0.41,35,85,41.2,135,16,60.7,41.8,13,23.1,25.2,62,1,1.6,4,0.8,12.6,"https://fbref.com/en/players/0d422df7/Marco-Silvestri"
2025,"Empoli","Serie A","Devis Vásquez","COL","GK","27-015",1998,32,45,1,0,4,0,40.2,0.31,-4.8,-0.15,161,560,28.8,953,104,48.5,39,150,65.3,52,490,36,7.3,15,0.47,10.9,"https://fbref.com/en/players/fac1f795/Devis-Vasquez"
2025,"Espanyol","La Liga","Joan García","ESP","GK","24-023",2001,38,51,4,2,6,1,57.7,0.28,7.7,0.2,194,526,36.9,1040,197,37.6,34.8,216,62.5,48.5,670,64,9.6,35,0.92,12,"https://fbref.com/en/players/87b498b0/Joan-Garcia"
2025,"Everton","Premier League","Jordan Pickford","ENG","GK","31-081",1994,38,44,0,1,6,0,48.8,0.3,4.8,0.13,304,806,37.7,1355,161,48.8,39.7,231,62.8,48.7,558,31,5.6,57,1.5,15.2,"https://fbref.com/en/players/4806ec67/Jordan-Pickford"
2025,"Fiorentina","Serie A","David de Gea","ESP","GK","34-201",1990,35,38,1,0,3,1,37,0.26,0,0,218,490,44.5,886,129,40.1,35.8,241,56,45.1,478,13,2.7,28,0.8,14.5,"https://fbref.com/en/players/7ba6d84e/David-de-Gea"
2025,"Fiorentina","Serie A","Pietro Terracciano","ITA","GK","35-080",1990,3,3,0,0,0,0,3.1,0.24,0.1,0.03,8,25,32,78,14,28.2,28.8,11,27.3,26.5,20,1,5,3,1,17,"https://fbref.com/en/players/e1b0a70d/Pietro-Terracciano"
2025,"Freiburg","Bundesliga","Noah Atubolu","GER","GK","23-002",2002,25.6,37,0,1,3,0,37,0.3,0,0,159,414,38.4,1012,110,32.4,33.1,126,68.3,51.5,377,34,9,28,1.09,12.7,"https://fbref.com/en/players/dbd1b101/Noah-Atubolu"
2025,"Freiburg","Bundesliga","Florian Müller","GER","GK","27-195",1997,8.4,16,2,0,3,1,11.6,0.35,-3.4,-0.41,54,166,32.5,267,28,44.9,37.1,57,80.7,57.7,104,6,5.8,9,1.08,13.4,"https://fbref.com/en/players/cbac6ec9/Florian-Muller"
2025,"Fulham","Premier League","Bernd Leno","GER","GK","33-084",1992,38,54,3,0,6,2,48.9,0.29,-3.1,-0.08,141,367,38.4,1231,167,22.7,28.9,172,51.2,41.9,507,23,4.5,33,0.87,13.3,"https://fbref.com/en/players/2628fd2b/Bernd-Leno"
2025,"Genoa","Serie A","Pierluigi Gollini","ITA","GK","30-070",1995,7,15,3,0,1,0,12.2,0.29,-2.8,-0.39,33,75,44,198,21,24.7,30.4,52,50,44.4,92,2,2.2,2,0.29,9.6,"https://fbref.com/en/players/f0f7f62f/Pierluigi-Gollini"
2025,"Genoa","Serie A","Nicola Leali","ITA","GK","32-099",1993,29,31,3,0,4,3,34.3,0.29,6.3,0.22,150,391,38.4,722,112,39.3,33.9,214,50,41.1,390,21,5.4,14,0.48,11.2,"https://fbref.com/en/players/5f9970a0/Nicola-Leali"
2025,"Genoa","Serie A","Benjamin Siegrist","SUI","GK","33-116",1992,1.7,2,0,0,0,0,2.4,0.2,0.4,0.23,6,30,20,54,9,33.3,35.9,19,63.2,46.7,26,1,3.8,1,0.59,6.2,"https://fbref.com/en/players/46912ffe/Benjamin-Siegrist"
2025,"Genoa","Serie A","Daniele Sommariva","ITA","GK","27-313",1997,0.3,1,0,0,0,0,0.9,0.3,-0.1,-0.36,1,10,10,9,0,66.7,42.3,6,66.7,47.5,19,0,0,0,0,3.3,"https://fbref.com/en/players/a8e7f7e9/Daniele-Sommariva"
2025,"Getafe","La Liga","David Soria","ESP","GK","32-053",1993,38,39,8,0,5,0,42,0.29,3,0.08,300,799,37.5,719,68,72.6,48.8,304,91.1,61.5,479,25,5.2,39,1.03,14.7,"https://fbref.com/en/players/8f8c6934/David-Soria"
2025,"Girona","La Liga","Paulo Gazzaniga","ARG","GK","33-145",1992,35.5,51,2,1,5,1,45.4,0.29,-4.6,-0.13,93,298,31.2,1026,137,21.6,29.4,180,42.2,40,419,36,8.6,33,0.93,12.6,"https://fbref.com/en/players/63d17038/Paulo-Gazzaniga"
2025,"Girona","La Liga","Pau López","ESP","GK","30-165",1994,0.5,2,0,0,0,0,1.3,0.44,-0.7,-1.33,4,9,44.4,17,2,35.3,35.8,7,42.9,38.7,17,3,17.6,1,2,9.8,"https://fbref.com/en/players/20b9f052/Pau-Lopez"
2025,"Girona","La Liga","Krapyvtsov Vladyslav","UKR","GK","19-336",2005,2,7,1,0,2,0,6.3,0.31,-0.7,-0.37,10,21,47.6,63,13,31.7,35.6,7,14.3,28.6,27,1,3.7,1,0.5,12.9,"https://fbref.com/en/players/66daeaf7/Krapyvtsov-Vladyslav"
2025,"Gladbach","Bundesliga","Tiago Cardoso","LUX","GK","19-050",2006,4.2,3,0,0,0,0,4.7,0.2,1.7,0.39,23,62,37.1,148,22,27,29.2,31,71,48.9,96,14,14.6,1,0.24,5.6,"https://fbref.com/en/players/79268b9c/Tiago-Cardoso"
2025,"Gladbach","Bundesliga","Moritz Nicolas","GER","GK","27-218",1997,18.2,25,5,0,1,2,29.9,0.29,6.9,0.38,95,199,47.7,734,88,23.3,28.2,60,46.7,39.8,319,18,5.6,14,0.77,12,"https://fbref.com/en/players/226ddf9d/Moritz-Nicolas"
2025,"Gladbach","Bundesliga","Jonas Omlin","SUI","GK","31-137",1994,10.9,26,2,1,6,0,23.8,0.31,-2.2,-0.2,68,190,35.8,453,46,34.9,32.7,57,56.1,44.2,166,3,1.8,13,1.2,15.1,"https://fbref.com/en/players/c631f952/Jonas-Omlin"
2025,"Gladbach","Bundesliga","Tobias Sippel","GER","GK","37-066",1988,0.7,3,0,0,1,0,1.2,0.3,-1.8,-2.72,9,22,40.9,22,2,45.5,39.2,12,100,69.2,13,0,0,0,0,2,"https://fbref.com/en/players/0d8a37c2/Tobias-Sippel"
2025,"Heidenheim","Bundesliga","Frank Feller","GER","GK","21-140",2004,1.3,0,0,0,0,0,0.3,0.16,0.3,0.24,10,34,29.4,54,7,42.6,38,11,100,68.4,25,1,4,1,0.74,14.8,"https://fbref.com/en/players/ccd0981f/Frank-Feller"
2025,"Heidenheim","Bundesliga","Kevin Müller","GER","GK","34-073",1991,32.7,64,6,0,7,0,59.3,0.33,-4.7,-0.14,152,428,35.5,1031,153,31.4,33.8,271,38.4,38.3,453,21,4.6,20,0.61,12,"https://fbref.com/en/players/f256f213/Kevin-Muller"
2025,"Hellas Verona","Serie A","Lorenzo Montipò","ITA","GK","29-096",1996,36,64,2,0,6,1,50.8,0.31,-12.2,-0.34,210,720,29.2,760,91,59.9,43.6,298,88.9,59.3,498,30,6,23,0.64,11.6,"https://fbref.com/en/players/c1d95617/Lorenzo-Montipo"
2025,"Hellas Verona","Serie A","Simone Perilli","ITA","GK","30-140",1995,2,2,0,0,0,0,3,0.3,1,0.51,7,41,17.1,34,2,82.4,55.4,14,92.9,63.4,46,2,4.3,3,1.5,20.3,"https://fbref.com/en/players/b9e11c1d/Simone-Perilli"
2025,"Hoffenheim","Bundesliga","Oliver Baumann","GER","GK","34-359",1990,28,53,2,1,7,2,52.1,0.36,1.1,0.04,178,478,37.2,923,121,41.6,36.5,136,69.1,50.8,407,18,4.4,31,1.11,14.5,"https://fbref.com/en/players/47064058/Oliver-Baumann"
2025,"Hoffenheim","Bundesliga","Luca Philipp","GER","GK","24-180",2000,6,15,1,0,2,1,12.3,0.34,-1.7,-0.28,30,97,30.9,157,22,51,38.7,36,47.2,40.6,84,3,3.6,4,0.67,12.8,"https://fbref.com/en/players/eb3e717e/Luca-Philipp"
2025,"Holstein Kiel","Bundesliga","Thomas Dähne","GER","GK","31-143",1994,9,19,2,1,1,1,18.5,0.3,0.5,0.06,47,133,35.3,304,55,25.7,30.3,91,60.4,45.6,177,15,8.5,5,0.56,9.3,"https://fbref.com/en/players/f194035d/Thomas-Dahne"
2025,"Holstein Kiel","Bundesliga","Timon Weiner","GER","GK","26-129",1999,25,61,4,2,5,2,47.2,0.32,-11.8,-0.47,167,444,37.6,789,116,40.2,34.5,198,64.1,48.4,491,27,5.5,18,0.72,11.1,"https://fbref.com/en/players/1fb2d1b0/Timon-Weiner"
2025,"Inter","Serie A","Josep Martinez","ESP","GK","27-000",1998,5,3,0,0,0,0,4.1,0.31,1.1,0.23,23,51,45.1,216,15,20.4,28.6,25,28,32.1,81,3,3.7,3,0.6,15.8,"https://fbref.com/en/players/11d8aff0/Josep-Martinez"
2025,"Inter","Serie A","Yann Sommer","SUI","GK","36-161",1988,33,32,3,0,3,1,31.7,0.24,0.7,0.02,91,226,40.3,1199,136,16.9,26.6,126,18.3,27.5,356,14,3.9,14,0.42,13.2,"https://fbref.com/en/players/420c18a1/Yann-Sommer"
2025,"Ipswich Town","Premier League","Arijanet Muric","KVX","GK","26-201",1998,18,33,3,0,2,0,31.4,0.29,-1.6,-0.09,76,229,33.2,534,94,29.6,30.3,94,75.5,54.6,249,39,15.7,20,1.11,12.2,"https://fbref.com/en/players/99aa1a84/Arijanet-Muric"
2025,"Ipswich Town","Premier League","Alex Palmer","ENG","GK","28-290",1996,13,30,1,0,9,2,25.1,0.35,-2.9,-0.22,71,186,38.2,329,55,36.8,33.9,94,69.1,50.8,249,20,8,13,1,11.5,"https://fbref.com/en/players/6ea97fd5/Alex-Palmer"
2025,"Ipswich Town","Premier League","Christian Walton","ENG","GK","29-199",1995,7,19,2,0,0,0,17.1,0.4,-1.9,-0.28,42,116,36.2,204,35,42.6,34.3,51,56.9,44.5,111,12,10.8,2,0.29,8.2,"https://fbref.com/en/players/c666574f/Christian-Walton"
2025,"Juventus","Serie A","Michele Di Gregorio","ITA","GK","27-304",1997,33,32,5,0,6,0,28.1,0.24,-3.9,-0.12,128,333,38.4,848,126,30,31.4,146,54.1,44,469,29,6.2,30,0.91,13.1,"https://fbref.com/en/players/4e0c8d66/Michele-Di-Gregorio"
2025,"Juventus","Serie A","Mattia Perin","ITA","GK","32-198",1992,5,3,0,0,0,0,3.7,0.23,0.7,0.14,11,44,25,170,30,22.4,29.4,12,50,40.8,50,3,6,3,0.6,14,"https://fbref.com/en/players/4c62d0c8/Mattia-Perin"
2025,"Las Palmas","La Liga","Jasper Cillessen","NED","GK","36-035",1989,25.9,42,4,0,4,2,44.3,0.3,4.3,0.16,124,409,30.3,820,142,39.5,34.5,179,47.5,43.1,413,13,3.1,20,0.77,14.5,"https://fbref.com/en/players/04ac8285/Jasper-Cillessen"
2025,"Las Palmas","La Liga","Dinko Horkaš","CRO","GK","26-078",1999,12.1,19,1,0,0,1,19.4,0.34,1.4,0.11,69,175,39.4,475,53,31.8,32.5,47,51.1,43,148,9,6.1,16,1.33,15.6,"https://fbref.com/en/players/8fafc04d/Dinko-Horkas"
2025,"Lazio","Serie A","Christos Mandas","GRE","GK","23-252",2001,9,7,0,0,1,0,7.9,0.29,0.9,0.1,42,124,33.9,308,36,36.4,35.9,25,48,41.8,130,20,15.4,22,2.44,16.8,"https://fbref.com/en/players/f794e9ab/Christos-Mandas"
2025,"Lazio","Serie A","Ivan Provedel","ITA","GK","31-071",1994,29,42,4,0,3,2,31.5,0.32,-8.5,-0.29,146,374,39,1009,96,30.8,33.3,106,59.4,46.1,366,29,7.9,32,1.1,14.5,"https://fbref.com/en/players/277da414/Ivan-Provedel"
2025,"Le Havre","Ligue 1","Arthur Desmas","FRA","GK","31-050",1994,18,38,2,1,4,0,38.7,0.4,0.7,0.04,56,151,37.1,404,72,28.5,30.9,117,30.8,29.6,277,12,4.3,7,0.39,11.9,"https://fbref.com/en/players/e8c5dd4d/Arthur-Desmas"
2025,"Le Havre","Ligue 1","Mathieu Gorgelin","FRA","GK","34-295",1990,16,33,3,0,4,1,34.2,0.4,2.2,0.14,79,183,43.2,435,75,32.9,32.4,99,40.4,34.6,269,21,7.8,8,0.5,10.5,"https://fbref.com/en/players/4d3e9033/Mathieu-Gorgelin"
2025,"Lecce","Serie A","Wladimiro Falcone","ITA","GK","30-045",1995,38,58,8,3,5,3,53.8,0.26,-1.2,-0.03,220,656,33.5,1017,120,51.9,39.1,178,71.9,50.2,590,29,4.9,19,0.5,11,"https://fbref.com/en/players/9f5a610b/Wladimiro-Falcone"
2025,"Leganés","La Liga","Marko Dmitrović","SRB","GK","33-123",1992,32,49,7,1,9,2,50.2,0.3,3.2,0.1,201,765,26.3,743,112,65.3,47.2,303,92.4,66.2,579,49,8.5,53,1.66,14.5,"https://fbref.com/en/players/ac295d9e/Marko-Dmitrovic"
2025,"Leganés","La Liga","Juan Soriano","ESP","GK","27-277",1997,6,7,0,0,1,1,8.8,0.36,2.8,0.47,36,120,30,131,20,56.5,43.9,54,85.2,62.8,130,7,5.4,0,0,8.4,"https://fbref.com/en/players/5512b1a9/Juan-Soriano"
2025,"Leicester City","Premier League","Mads Hermansen","DEN","GK","24-320",2000,26.5,58,3,0,3,3,56.4,0.35,1.4,0.05,114,471,24.2,926,133,39.2,34.6,143,75.5,51.5,419,26,6.2,26,0.98,13.1,"https://fbref.com/en/players/c924b17d/Mads-Hermansen"
2025,"Leicester City","Premier League","Jakub Stolarczyk","POL","GK","24-159",2000,10,16,0,0,2,0,15.4,0.35,-0.6,-0.06,57,195,29.2,328,36,46.3,34.2,58,74.1,50.2,169,10,5.9,8,0.8,12.5,"https://fbref.com/en/players/a4a76b3d/Jakub-Stolarczyk"
2025,"Leicester City","Premier League","Danny Ward","WAL","GK","31-339",1993,1.5,6,0,0,0,0,2.8,0.28,-3.2,-2.11,10,22,45.5,46,9,37,32,7,71.4,52,11,0,0,2,1.33,20.7,"https://fbref.com/en/players/d3ce0e89/Danny-Ward"
2025,"Lens","Ligue 1","Hervé Koffi","BFA","GK","28-223",1996,5,8,2,0,1,0,11.1,0.38,3.1,0.61,14,42,33.3,115,22,29.6,33.2,19,42.1,36.4,53,4,7.5,2,0.4,9.4,"https://fbref.com/en/players/faf873a7/Herve-Koffi"
2025,"Lens","Ligue 1","Mathew Ryan","AUS","GK","33-049",1992,14,17,2,0,0,0,19.5,0.28,2.5,0.18,46,135,34.1,342,79,31.3,32.3,66,42.4,35.3,176,20,11.4,10,0.71,11.6,"https://fbref.com/en/players/4535e4bb/Mathew-Ryan"
2025,"Lens","Ligue 1","Brice Samba","FRA","GK","31-032",1994,15,14,4,2,3,0,17.5,0.26,3.5,0.23,82,163,50.3,435,61,29.7,30.5,76,44.7,36.1,152,17,11.2,22,1.47,16.1,"https://fbref.com/en/players/60d90c55/Brice-Samba"
2025,"Leverkusen","Bundesliga","Lukáš Hrádecký","FIN","GK","35-184",1989,29,38,4,1,2,3,35.8,0.28,0.8,0.03,123,306,40.2,774,110,30.9,31.5,135,49.6,40.8,296,12,4.1,39,1.34,17.3,"https://fbref.com/en/players/ad3389d5/Lukas-Hradecky"
2025,"Leverkusen","Bundesliga","Matej Kovar","CZE","GK","25-010",2000,5,5,0,0,0,1,3.5,0.22,-0.5,-0.09,12,32,37.5,131,16,21.4,27.9,15,26.7,27.7,52,2,3.8,6,1.2,16.9,"https://fbref.com/en/players/bc67a0e1/Matej-Kovar"
2025,"Lille","Ligue 1","Lucas Chevalier","FRA","GK","23-202",2001,34,36,4,0,6,1,42.2,0.32,7.2,0.21,112,288,38.9,968,144,25.7,29.6,112,34.8,35.7,373,21,5.6,24,0.71,13.9,"https://fbref.com/en/players/b3d76d84/Lucas-Chevalier"
2025,"Liverpool","Premier League","Alisson","BRA","GK","32-237",1992,27.9,29,1,0,2,2,30.5,0.3,3.5,0.13,68,203,33.5,877,128,19.7,26.6,80,37.5,33.4,255,11,4.3,49,1.76,16,"https://fbref.com/en/players/7a2e46a8/Alisson"
2025,"Liverpool","Premier League","Vitezslav Jaros","CZE","GK","23-308",2001,0.1,0,0,0,0,0,0,0.03,0,0.25,5,7,71.4,7,2,85.7,50.9,1,100,59,2,0,0,0,0,11,"https://fbref.com/en/players/12bb4d6a/Vitezslav-Jaros"
2025,"Liverpool","Premier League","Caoimhín Kelleher","IRL","GK","26-185",1998,10,12,0,0,1,0,11.6,0.3,-0.4,-0.04,29,115,25.2,364,49,28.6,29,18,61.1,42.8,113,6,5.3,9,0.9,14,"https://fbref.com/en/players/62d7ef38/Caoimhin-Kelleher"
2025,"Lyon","Ligue 1","Rémy Descamps","FRA","GK","28-336",1996,1,2,0,0,0,0,1.4,0.23,-0.6,-0.62,1,4,25,28,2,14.3,27.5,2,0,16,7,0,0,0,0,7,"https://fbref.com/en/players/477e50ce/Remy-Descamps"
2025,"Lyon","Ligue 1","Lucas Perri","BRA","GK","27-168",1997,33,44,3,1,6,0,47.8,0.29,3.8,0.12,101,310,32.6,884,183,28.1,30.5,152,40.8,37.6,415,26,6.3,29,0.88,13.5,"https://fbref.com/en/players/5dbd461a/Lucas-Perri"
2025,"Mainz 05","Bundesliga","Lasse Rieß","GER","GK","23-304",2001,2,2,0,0,0,0,2.2,0.27,0.2,0.09,13,43,30.2,72,7,51.4,41.6,12,50,45.6,23,2,8.7,8,4,18,"https://fbref.com/en/players/25877714/Lasse-Riess"
2025,"Mainz 05","Bundesliga","Robin Zentner","GER","GK","30-211",1994,32,41,4,2,9,0,45,0.29,4,0.12,175,567,30.9,977,132,46.2,38.7,179,64.8,52.1,524,45,8.6,58,1.81,14,"https://fbref.com/en/players/5c4bf6ba/Robin-Zentner"
2025,"Mallorca","La Liga","Dominik Greif","SVK","GK","28-051",1997,31,34,2,0,3,1,33.9,0.28,0.9,0.03,191,475,40.2,847,126,41.9,36.4,193,62.2,48.3,511,15,2.9,21,0.68,12.9,"https://fbref.com/en/players/30061f53/Dominik-Greif"
2025,"Mallorca","La Liga","Leo Román","ESP","GK","24-325",2000,7,10,1,0,1,0,13.5,0.26,3.5,0.5,48,139,34.5,188,18,53.2,41.8,52,75,57.5,127,8,6.3,6,0.86,11.2,"https://fbref.com/en/players/924ff27e/Leo-Roman"
2025,"Manchester City","Premier League","Ederson","BRA","GK","31-283",1993,25.8,26,2,0,3,1,30,0.37,5,0.19,72,165,43.6,846,108,17.4,27.9,77,23.4,31.9,224,13,5.8,49,1.9,17.5,"https://fbref.com/en/players/3bb7b8b4/Ederson"
2025,"Manchester City","Premier League","Stefan Ortega","GER","GK","32-202",1992,12.2,18,2,1,1,1,16.3,0.31,-0.7,-0.06,40,104,38.5,409,55,21.5,26.7,49,32.7,28.2,133,6,4.5,12,0.98,14.3,"https://fbref.com/en/players/c1242d4e/Stefan-Ortega"
2025,"Manchester Utd","Premier League","Altay Bayındır","TUR","GK","27-043",1998,4,10,0,0,0,1,10.1,0.59,1.1,0.27,13,62,21,128,12,34.4,34.1,24,75,53.8,56,4,7.1,7,1.75,12,"https://fbref.com/en/players/072e68ed/Altay-Bayindir"
2025,"Manchester Utd","Premier League","André Onana","CMR","GK","29-055",1996,34,44,3,1,10,1,44,0.31,1,0.03,118,440,26.8,1152,136,29.7,30.3,149,65.8,47.2,399,22,5.5,23,0.68,11.8,"https://fbref.com/en/players/e9c0c1b2/Andre-Onana"
2025,"Marseille","Ligue 1","Gerónimo Rulli","ARG","GK","33-007",1992,34,47,3,1,4,2,47.5,0.33,2.5,0.07,92,202,45.5,1097,133,15,24.4,105,35.2,32.7,309,28,9.1,59,1.74,18.3,"https://fbref.com/en/players/625c144a/Geronimo-Rulli"
2025,"Milan","Serie A","Mike Maignan","FRA","GK","29-328",1995,36.6,41,1,1,3,3,36.8,0.26,-1.2,-0.03,118,306,38.6,1355,174,17.4,27.8,194,36.1,38.6,447,26,5.8,68,1.86,18.7,"https://fbref.com/en/players/fcb38f57/Mike-Maignan"
2025,"Milan","Serie A","Marco Sportiello","ITA","GK","33-017",1992,1.4,2,0,0,0,0,2.2,0.36,0.2,0.12,5,13,38.5,46,8,21.7,27.8,14,21.4,30.6,15,1,6.7,3,2.14,25.5,"https://fbref.com/en/players/ac4003af/Marco-Sportiello"
2025,"Monaco","Ligue 1","Philipp Köhn","SUI","GK","27-055",1998,19,19,1,0,2,0,17.2,0.26,-1.8,-0.1,50,157,31.8,447,70,25.7,29.9,99,42.4,38.1,225,16,7.1,20,1.05,14.8,"https://fbref.com/en/players/ff74841d/Philipp-Kohn"
2025,"Monaco","Ligue 1","Radosław Majecki","POL","GK","25-192",1999,15,22,2,1,1,0,21.1,0.31,-0.9,-0.06,27,112,24.1,320,76,26.6,30.5,87,31,32.8,154,14,9.1,18,1.2,14,"https://fbref.com/en/players/20de219a/Radoslaw-Majecki"
2025,"Montpellier","Ligue 1","Dimitry Bertaud","COD","GK","26-355",1998,4,11,2,0,0,0,8.8,0.35,-2.2,-0.54,20,47,42.6,86,19,38.4,34.5,27,51.9,43.6,55,8,14.5,3,0.75,13.3,"https://fbref.com/en/players/380a15e2/Dimitry-Bertaud"
2025,"Montpellier","Ligue 1","Benjamin Lecomte","FRA","GK","34-031",1991,30,68,6,0,5,3,57.3,0.31,-5.7,-0.2,177,449,39.4,814,115,42.5,36.2,184,56,42.4,408,20,4.9,26,0.9,14.3,"https://fbref.com/en/players/2fa2a875/Benjamin-Lecomte"
2025,"Monza","Serie A","Andrea Mazza","ITA","GK","21-069",2004,0.1,0,0,0,0,0,0,NA,0,0,1,2,50,5,1,20,24,2,50,40,1,0,0,0,0,NA,"https://fbref.com/en/players/f93a544c/Andrea-Mazza"
2025,"Monza","Serie A","Semuel Pizzignacco","ITA","GK","23-268",2001,8.2,17,0,1,2,1,12.4,0.33,-3.6,-0.44,39,113,34.5,273,30,33.7,31.4,49,42.9,38.4,119,4,3.4,7,0.86,12.8,"https://fbref.com/en/players/4f537cf7/Semuel-Pizzignacco"
2025,"Monza","Serie A","Stefano Turati","ITA","GK","23-264",2001,29.7,52,2,1,8,2,47.4,0.31,-2.6,-0.09,177,442,40,942,126,38.3,33.7,131,61.8,46.9,414,22,5.3,26,0.87,13.3,"https://fbref.com/en/players/bf168004/Stefano-Turati"
2025,"Nantes","Ligue 1","Patrik Carlgren","SWE","GK","33-139",1992,4.6,7,0,0,1,0,8.5,0.3,1.5,0.31,22,63,34.9,99,27,36.4,34.4,37,73,48.6,80,1,1.3,1,0.22,10.9,"https://fbref.com/en/players/168c50c5/Patrik-Carlgren"
2025,"Nantes","Ligue 1","Alban Lafont","FRA","GK","26-124",1999,12,19,3,0,2,2,16.8,0.3,-0.2,-0.02,40,143,28,309,56,34,34.9,57,66.7,51.1,200,16,8,6,0.5,10.6,"https://fbref.com/en/players/4e7db402/Alban-Lafont"
2025,"Nantes","Ligue 1","Anthony Lopes","POR","GK","34-238",1990,17.4,26,4,0,1,1,25.6,0.32,0.6,0.03,89,257,34.6,451,56,40.4,35.8,96,78.1,49.4,308,16,5.2,8,0.46,11,"https://fbref.com/en/players/f00de885/Anthony-Lopes"
2025,"Napoli","Serie A","Elia Caprile","ITA","GK","23-275",2001,3.6,1,0,0,0,0,2.2,0.27,1.2,0.32,11,25,44,82,9,25.6,31.7,15,26.7,30.7,31,3,9.7,3,0.83,13.7,"https://fbref.com/en/players/97d7afbd/Elia-Caprile"
2025,"Napoli","Serie A","Alex Meret","ITA","GK","28-066",1997,33.4,25,1,1,0,2,25.3,0.27,2.3,0.07,88,214,41.1,1041,117,15.4,27.7,181,29.8,34.9,378,21,5.6,47,1.41,16.5,"https://fbref.com/en/players/9413b19f/Alex-Meret"
2025,"Napoli","Serie A","Simone Scuffet","ITA","GK","28-361",1996,1,1,0,0,0,0,1.6,0.4,0.6,0.6,3,12,25,35,5,25.7,29.3,9,33.3,32.7,29,1,3.4,0,0,7,"https://fbref.com/en/players/41bd99ea/Simone-Scuffet"
2025,"Newcastle Utd","Premier League","Martin Dúbravka","SVK","GK","36-132",1989,10,12,0,0,1,0,12.9,0.32,0.9,0.09,18,80,22.5,273,54,15.8,25.2,59,62.7,45.4,127,10,7.9,11,1.1,15.3,"https://fbref.com/en/players/3a949a25/Martin-Dubravka"
2025,"Newcastle Utd","Premier League","Nick Pope","ENG","GK","33-038",1992,28,35,1,0,3,2,34.8,0.28,1.8,0.06,72,257,28,595,192,25.7,30.7,187,55.6,43.6,359,39,10.9,64,2.29,16,"https://fbref.com/en/players/4b40d9ca/Nick-Pope"
2025,"Nice","Ligue 1","Marcin Bułka","POL","GK","25-235",1999,34,41,2,0,4,1,43,0.26,3,0.09,112,272,41.2,948,173,22.8,28.6,162,34.6,32.3,470,39,8.3,33,0.97,12.8,"https://fbref.com/en/players/db87a2c4/Marcin-Bulka"
2025,"Nott'ham Forest","Premier League","Matz Sels","BEL","GK","33-090",1992,38,46,3,1,5,0,49.1,0.29,3.1,0.08,244,698,35,715,83,68.4,44.7,270,77.4,54.3,710,19,2.7,12,0.32,8.7,"https://fbref.com/en/players/834b5c4c/Matz-Sels"
2025,"Osasuna","La Liga","Aitor Fernández","ESP","GK","34-024",1991,1,0,0,0,0,0,1.2,0.23,1.2,1.15,19,35,54.3,34,4,70.6,44.4,11,100,59.9,14,1,7.1,1,1,10.6,"https://fbref.com/en/players/a01c3d54/Aitor-Fernandez"
2025,"Osasuna","La Liga","Sergio Herrera","ESP","GK","31-356",1993,37,52,7,1,4,1,56.2,0.28,5.2,0.14,277,614,45.1,966,139,43.2,37.6,276,71.4,50.7,524,32,6.1,85,2.3,19.7,"https://fbref.com/en/players/a4995f48/Sergio-Herrera"
2025,"Paris S-G","Ligue 1","Gianluigi Donnarumma","ITA","GK","26-091",1999,23.2,25,1,1,4,0,21.7,0.29,-3.3,-0.14,35,101,34.7,543,90,13.6,25.1,89,30.3,28.2,199,10,5,19,0.82,14.4,"https://fbref.com/en/players/08f5afaa/Gianluigi-Donnarumma"
2025,"Paris S-G","Ligue 1","Matvei Safonov","RUS","GK","26-091",1999,9.8,9,2,0,2,1,7.2,0.26,-0.8,-0.08,36,83,43.4,262,46,26.3,29.1,48,29.2,28.8,94,5,5.3,14,1.43,18,"https://fbref.com/en/players/d97b252e/Matvei-Safonov"
2025,"Paris S-G","Ligue 1","Arnau Tenas","ESP","GK","23-362",2001,1,1,0,0,0,0,1.5,0.37,0.5,0.46,3,4,75,30,4,13.3,25.4,2,0,21.5,5,1,20,1,1,15.6,"https://fbref.com/en/players/30670b0e/Arnau-Tenas"
2025,"Parma","Serie A","Leandro Chichizola","ARG","GK","35-061",1990,1,3,0,0,0,0,2.5,0.43,-0.5,-0.54,3,16,18.8,41,5,31.7,33.9,8,37.5,34.4,21,2,9.5,2,2,16.3,"https://fbref.com/en/players/8d957256/Leandro-Chichizola"
2025,"Parma","Serie A","Zion Suzuki","JPN","GK","22-279",2002,36.8,53,5,3,5,2,51.4,0.32,0.4,0.01,204,669,30.5,1272,184,41.4,37.5,223,63.7,52.4,614,64,10.4,38,1.03,12.1,"https://fbref.com/en/players/51e1f4f5/Zion-Suzuki"
2025,"RB Leipzig","Bundesliga","Péter Gulácsi","HUN","GK","35-021",1990,29.2,39,2,1,4,0,42.6,0.3,3.6,0.12,79,209,37.8,705,140,20.3,28.6,196,33.7,34.3,434,23,5.3,34,1.16,14.8,"https://fbref.com/en/players/bcb2ccd8/Peter-Gulacsi"
2025,"RB Leipzig","Bundesliga","Maarten Vandevoordt","BEL","GK","23-090",2002,4.8,9,0,0,4,0,7.3,0.36,-1.7,-0.35,19,52,36.5,139,27,23,29.4,35,57.1,46,78,7,9,11,2.31,16.1,"https://fbref.com/en/players/f9e0c603/Maarten-Vandevoordt"
2025,"Rayo Vallecano","La Liga","Augusto Batalla","ARG","GK","29-027",1996,32,39,6,0,6,1,40,0.25,2,0.06,177,534,33.1,989,129,42.3,38.2,184,63,51.1,453,35,7.7,38,1.19,14.4,"https://fbref.com/en/players/fc627681/Augusto-Batalla"
2025,"Rayo Vallecano","La Liga","Cárdenas","ESP","GK","28-060",1997,6,6,0,0,0,0,5.6,0.29,-0.4,-0.06,26,106,24.5,132,21,56.8,44.3,46,67.4,51.9,79,2,2.5,1,0.17,10.2,"https://fbref.com/en/players/e1846dde/Cardenas"
2025,"Real Madrid","La Liga","Thibaut Courtois","BEL","GK","33-016",1992,30,29,3,0,6,1,28.7,0.27,0.7,0.02,62,214,29,871,173,18.5,28.2,148,35.8,39.1,350,16,4.6,14,0.47,10.7,"https://fbref.com/en/players/1840e36d/Thibaut-Courtois"
2025,"Real Madrid","La Liga","Fran","ESP","GK","19-337",2005,1,2,0,0,1,0,0.9,0.43,-1.1,-1.14,1,2,50,16,3,12.5,24,4,0,14.8,5,1,20,1,1,12,"https://fbref.com/en/players/5e550a91/Fran"
2025,"Real Madrid","La Liga","Andriy Lunin","UKR","GK","26-105",1999,7,7,0,0,0,0,6.4,0.32,-0.6,-0.09,21,42,50,155,29,20,26.9,45,24.4,30.6,61,2,3.3,12,1.71,14.9,"https://fbref.com/en/players/3061e1ec/Andriy-Lunin"
2025,"Real Sociedad","La Liga","Unai Marrero","ESP","GK","23-230",2001,2,3,0,0,0,0,3.5,0.22,0.5,0.26,7,16,43.8,41,11,24.4,28.3,15,40,35.1,21,1,4.8,3,1.5,16.8,"https://fbref.com/en/players/f0fe87dc/Unai-Marrero"
2025,"Real Sociedad","La Liga","Álex Remiro","ESP","GK","30-064",1995,36,43,5,0,5,0,38,0.26,-5,-0.14,180,477,37.7,1053,111,31.4,32.6,234,62.4,48.9,446,29,6.5,40,1.11,14.4,"https://fbref.com/en/players/374ee424/Alex-Remiro"
2025,"Reims","Ligue 1","Yehvann Diouf","FRA","GK","25-192",1999,34,47,4,1,8,0,61.6,0.33,14.6,0.43,154,477,32.3,993,153,34.4,33.3,220,61.4,45,554,31,5.6,42,1.24,14.6,"https://fbref.com/en/players/eedea60b/Yehvann-Diouf"
2025,"Rennes","Ligue 1","Gauthier Gallon","FRA","GK","32-034",1993,0.5,0,0,0,0,0,0,NA,0,0,0,3,0,15,2,13.3,23.8,4,25,26.3,2,0,0,1,2,28,"https://fbref.com/en/players/db3164e1/Gauthier-Gallon"
2025,"Rennes","Ligue 1","Steve Mandanda","FRA","GK","40-060",1985,16.5,23,2,0,2,2,17,0.29,-4,-0.24,61,180,33.9,426,66,33.6,32.7,73,50.7,41.6,175,7,4,21,1.27,15.7,"https://fbref.com/en/players/1d2d5cc8/Steve-Mandanda"
2025,"Rennes","Ligue 1","Brice Samba","FRA","GK","31-032",1994,17,27,1,1,4,0,29.2,0.32,2.2,0.13,58,178,32.6,569,64,24.4,29.7,102,38.2,33.3,225,16,7.1,15,0.88,13.2,"https://fbref.com/en/players/60d90c55/Brice-Samba"
2025,"Roma","Serie A","Mile Svilar","SRB","GK","25-273",1999,38,35,4,0,4,1,42.5,0.26,8.5,0.22,124,413,30,1258,170,23.8,30.6,200,56.5,45.5,495,30,6.1,33,0.87,13.7,"https://fbref.com/en/players/bcf5058a/Mile-Svilar"
2025,"Saint-Étienne","Ligue 1","Gautier Larsonneur","FRA","GK","28-093",1997,34,77,13,0,4,2,73.5,0.3,-1.5,-0.04,131,486,27,978,145,38.8,34.7,205,52.2,40.5,510,24,4.7,33,1,14,"https://fbref.com/en/players/b49729cb/Gautier-Larsonneur"
2025,"Sevilla","La Liga","Álvaro Fernández","ESP","GK","27-044",1998,8.3,16,2,0,1,0,11,0.25,-5,-0.61,37,142,26.1,277,32,39.7,34.3,46,69.6,49.4,105,7,6.7,14,1.69,16.5,"https://fbref.com/en/players/f127d782/Alvaro-Fernandez"
2025,"Sevilla","La Liga","Ørjan Nyland","NOR","GK","34-259",1990,29.7,39,3,3,3,1,37.1,0.31,-0.9,-0.03,118,445,26.5,836,114,42.1,37.2,166,56,46,408,20,4.9,29,0.98,13.8,"https://fbref.com/en/players/bdedffac/Orjan-Nyland"
2025,"Southampton","Premier League","Joe Lumley","ENG","GK","30-101",1995,3,7,0,0,1,0,7.7,0.39,0.7,0.22,15,50,30,135,14,34.1,30,15,26.7,24,56,2,3.6,7,2.33,18,"https://fbref.com/en/players/bdf3a08e/Joe-Lumley"
2025,"Southampton","Premier League","Alex McCarthy","ENG","GK","35-175",1989,5,13,2,0,1,0,12.6,0.29,-0.4,-0.07,24,52,46.2,132,29,33.3,29.5,23,34.8,30.7,74,8,10.8,0,0,6.5,"https://fbref.com/en/players/36c2ca73/Alex-McCarthy"
2025,"Southampton","Premier League","Aaron Ramsdale","ENG","GK","27-013",1998,30,66,5,0,10,0,63.5,0.32,-2.5,-0.08,196,605,32.4,1026,129,44.6,36,190,77.4,55.9,457,25,5.5,20,0.67,11.7,"https://fbref.com/en/players/466fb2c5/Aaron-Ramsdale"
2025,"St. Pauli","Bundesliga","Ben Alexander Voll","GER","GK","24-169",2000,1,2,0,0,0,0,2.4,0.48,0.4,0.41,7,28,25,37,5,59.5,44.7,13,46.2,39.7,15,0,0,0,0,NA,"https://fbref.com/en/players/ee8ad906/Ben-Alexander-Voll"
2025,"St. Pauli","Bundesliga","Nikola Vasilj","BIH","GK","29-176",1995,33,39,1,0,5,1,47.4,0.32,9.4,0.29,164,493,33.3,1267,107,34.2,32.7,134,44.8,38,411,24,5.8,27,0.82,12.8,"https://fbref.com/en/players/f038585f/Nikola-Vasilj"
2025,"Strasbourg","Ligue 1","Karl-Johan Johnsson","SWE","GK","35-119",1990,3,6,1,0,0,0,6.7,0.26,0.7,0.22,6,22,27.3,122,21,15.6,23.9,7,42.9,39.7,48,2,4.2,3,1,11.1,"https://fbref.com/en/players/a56bd2ee/Karl-Johan-Johnsson"
2025,"Strasbourg","Ligue 1","Đorđe Petrović","SRB","GK","25-231",1999,31,38,7,0,3,2,45.9,0.27,9.9,0.32,117,361,32.4,1438,127,20.9,27.4,107,56.1,45.6,491,41,8.4,47,1.52,15.2,"https://fbref.com/en/players/0cf321c8/Djordje-Petrovic"
2025,"Stuttgart","Bundesliga","Alexander Nübel","GER","GK","28-239",1996,34,53,2,1,7,1,44.8,0.32,-7.2,-0.21,157,410,38.3,1183,137,30.1,30.7,122,44.3,39.5,415,21,5.1,57,1.68,17.6,"https://fbref.com/en/players/afb0c500/Alexander-Nubel"
2025,"Torino","Serie A","Vanja Milinković-Savić","SRB","GK","28-096",1997,37,42,3,1,7,2,51.4,0.27,11.4,0.31,223,702,31.8,1352,191,40,37.6,271,59.4,51.1,585,37,6.3,46,1.24,13.7,"https://fbref.com/en/players/9fa26bc2/Vanja-Milinkovic-Savic"
2025,"Torino","Serie A","Alberto Paleari","ITA","GK","32-271",1992,1,3,0,0,0,0,2.2,0.32,-0.8,-0.77,8,12,66.7,26,5,34.6,31,6,50,42,12,0,0,5,5,27.3,"https://fbref.com/en/players/94a3606c/Alberto-Paleari"
2025,"Tottenham","Premier League","Brandon Austin","ENG","GK","26-139",1999,1,2,0,0,0,0,2.2,0.55,0.2,0.2,3,11,27.3,26,5,38.5,32.3,6,16.7,29,15,5,33.3,2,2,12.4,"https://fbref.com/en/players/5e253986/Brandon-Austin"
2025,"Tottenham","Premier League","Fraser Forster","ENG","GK","37-071",1988,7,15,2,0,1,0,16.5,0.36,1.5,0.21,11,31,35.5,141,30,21.3,27.2,56,1.8,14.6,81,4,4.9,3,0.43,11.1,"https://fbref.com/en/players/c3e39f12/Fraser-Forster"
2025,"Tottenham","Premier League","Antonín Kinský","CZE","GK","22-075",2003,6,11,0,0,1,2,10.1,0.32,1.1,0.18,17,58,29.3,186,37,26.9,30.9,30,26.7,29.1,110,10,9.1,9,1.5,12.1,"https://fbref.com/en/players/b38ac6a4/Antonin-Kinsky"
2025,"Tottenham","Premier League","Guglielmo Vicario","ITA","GK","28-232",1996,24,37,1,0,6,2,37.4,0.36,2.4,0.1,28,95,29.5,809,120,10.5,22.8,65,15.4,22.8,312,30,9.6,31,1.29,13.3,"https://fbref.com/en/players/77d6fd4d/Guglielmo-Vicario"
2025,"Toulouse","Ligue 1","Álex Domínguez","ESP","GK","26-301",1998,0.2,0,0,0,0,0,0,NA,0,0,2,5,40,8,1,25,30,3,100,69.3,7,0,0,0,0,NA,"https://fbref.com/en/players/f240be08/Alex-Dominguez"
2025,"Toulouse","Ligue 1","Kjetil Haug","NOR","GK","26-349",1998,5.5,7,0,0,2,0,6.6,0.45,-0.4,-0.06,16,60,26.7,95,13,37.9,34.1,35,68.6,49.1,72,5,6.9,3,0.54,12.1,"https://fbref.com/en/players/d3ae48eb/Kjetil-Haug"
2025,"Toulouse","Ligue 1","Guillaume Restes","FRA","GK","20-077",2005,28.3,36,1,1,3,3,27.9,0.29,-5.1,-0.18,80,286,28,675,83,30.8,30.3,135,57.8,42.8,360,5,1.4,34,1.2,16.9,"https://fbref.com/en/players/6b91b999/Guillaume-Restes"
2025,"Udinese","Serie A","Maduka Okoye","NGA","GK","25-272",1999,25,40,4,2,4,3,37,0.32,0,0,120,292,41.1,776,80,29.9,30.2,99,60.6,47.3,315,14,4.4,23,0.92,14.1,"https://fbref.com/en/players/ab5c36dd/Maduka-Okoye"
2025,"Udinese","Serie A","Daniele Padelli","ITA","GK","39-214",1985,1,0,0,0,0,0,0.8,0.26,0.8,0.77,3,7,42.9,18,2,33.3,30.5,2,50,32,11,1,9.1,0,0,15,"https://fbref.com/en/players/cf1c23d8/Daniele-Padelli"
2025,"Udinese","Serie A","Razvan Sava","ROU","GK","22-340",2002,12,16,3,1,4,2,14.5,0.24,0.5,0.04,44,148,29.7,337,26,33.2,32.2,55,65.5,47.5,202,4,2,13,1.08,14.8,"https://fbref.com/en/players/41efbd34/Razvan-Sava"
2025,"Union Berlin","Bundesliga","Frederik Rønnow","DEN","GK","32-296",1992,28,37,1,1,1,1,39.3,0.32,3.3,0.12,143,395,36.2,734,135,36.6,34.3,161,78.3,54.3,483,40,8.3,35,1.25,13.4,"https://fbref.com/en/players/a70b8345/Frederik-Ronnow"
2025,"Union Berlin","Bundesliga","Alexander Schwolow","GER","GK","32-359",1992,6,13,1,0,0,0,9.7,0.32,-3.3,-0.55,28,73,38.4,166,26,31.3,31,40,52.5,42.6,85,0,0,4,0.67,14.2,"https://fbref.com/en/players/0d55d942/Alexander-Schwolow"
2025,"Valencia","La Liga","Stole Dimitrievski","MKD","GK","31-153",1993,4,6,1,0,0,0,4.5,0.29,-1.5,-0.38,15,72,20.8,113,25,49.6,40.5,20,80,53.6,51,3,5.9,16,4,25.7,"https://fbref.com/en/players/fc70e345/Stole-Dimitrievski"
2025,"Valencia","La Liga","Giorgi Mamardashvili","GEO","GK","24-240",2000,34,48,5,0,4,3,46.1,0.3,1.1,0.03,141,449,31.4,859,134,36,34.5,219,63.9,49.6,472,33,7,38,1.12,14.3,"https://fbref.com/en/players/d4b73232/Giorgi-Mamardashvili"
2025,"Valladolid","La Liga","André Ferreira","POR","GK","28-363",1996,6,20,3,0,1,0,15.3,0.35,-4.7,-0.79,30,83,36.1,138,26,37,33.8,56,57.1,41.7,92,4,4.3,3,0.5,10.4,"https://fbref.com/en/players/12c6cbef/Andre-Ferreira"
2025,"Valladolid","La Liga","Karl Jakob Hein","EST","GK","23-044",2002,31,68,4,1,4,1,58.8,0.35,-8.2,-0.27,165,452,36.5,941,136,32.6,33.9,224,64.7,51.7,474,34,7.2,34,1.1,14,"https://fbref.com/en/players/aa81d8f8/Karl-Jakob-Hein"
2025,"Valladolid","La Liga","Arnau Rafús","ESP","GK","22-030",2003,1,2,0,1,0,0,0.5,0.23,-1.5,-1.53,7,15,46.7,38,5,34.2,34.9,5,40,39,14,1,7.1,1,1,11.4,"https://fbref.com/en/players/05d950c4/Arnau-Rafus"
2025,"Venezia","Serie A","Jesse Joronen","FIN","GK","32-067",1993,7.8,15,3,0,3,2,12.6,0.26,-0.4,-0.05,20,84,23.8,260,46,28.1,31,41,26.8,34.9,125,6,4.8,5,0.64,9.4,"https://fbref.com/en/players/7f66ea09/Jesse-Joronen"
2025,"Venezia","Serie A","Ionuț Radu","ROU","GK","27-364",1997,15,18,3,0,2,0,19.2,0.26,1.2,0.08,67,275,24.4,470,61,47.7,40.2,73,69.9,55.3,215,13,6,3,0.2,9.1,"https://fbref.com/en/players/67f649be/Ionut-Radu"
2025,"Venezia","Serie A","Filip Stankovic","SRB","GK","23-091",2002,15.2,23,4,0,3,1,25.2,0.26,3.2,0.21,48,161,29.8,439,51,29.4,31.6,73,43.8,34.3,249,12,4.8,13,0.86,10.8,"https://fbref.com/en/players/d34d8ed2/Filip-Stankovic"
2025,"Villarreal","La Liga","Diego Conde","ESP","GK","26-211",1998,21.8,33,3,1,6,1,26.3,0.26,-5.7,-0.26,61,161,37.9,532,111,22.7,28.2,107,37.4,36.3,323,18,5.6,16,0.73,11.9,"https://fbref.com/en/players/4eae5bc4/Diego-Conde"
2025,"Villarreal","La Liga","Luiz Lúcio Reis Júnior","BRA","GK","24-133",2001,16.2,18,4,1,0,0,18.1,0.23,0.1,0,61,178,34.3,392,96,31.9,31.6,99,53.5,43.6,256,16,6.3,20,1.23,12.2,"https://fbref.com/en/players/d0530e29/Luiz-Lucio-Reis-Junior"
2025,"Werder Bremen","Bundesliga","Michael Zetterer","GER","GK","29-319",1995,34,57,3,2,4,3,52.9,0.33,-1.1,-0.03,134,370,36.2,1204,188,27.7,31.9,107,33.6,36.8,464,35,7.5,34,1,13.5,"https://fbref.com/en/players/9b688ae1/Michael-Zetterer"
2025,"West Ham","Premier League","Alphonse Areola","FRA","GK","32-089",1993,25.1,41,0,0,5,3,35.4,0.31,-2.6,-0.1,135,384,35.2,788,119,34.4,32.1,196,57.7,42.9,394,15,3.8,30,1.19,15,"https://fbref.com/en/players/2f965a72/Alphonse-Areola"
2025,"West Ham","Premier League","Łukasz Fabiański","POL","GK","40-039",1985,12.9,21,3,1,3,0,22.6,0.29,1.6,0.12,77,226,34.1,394,55,41.9,35.5,100,61,45.1,220,10,4.5,12,0.93,13.1,"https://fbref.com/en/players/9328b835/Lukasz-Fabianski"
2025,"Wolfsburg","Bundesliga","Kamil Grabara","POL","GK","26-139",1999,28.7,49,2,0,9,1,49.7,0.35,1.7,0.06,186,511,36.4,979,114,41.7,36.7,154,66.9,51.9,413,15,3.6,19,0.66,12.2,"https://fbref.com/en/players/62182b1d/Kamil-Grabara"
2025,"Wolfsburg","Bundesliga","Marius Müller","GER","GK","31-319",1993,5.3,5,0,0,2,0,7.6,0.33,2.6,0.49,37,97,38.1,184,29,39.1,36.6,34,73.5,51.4,99,9,9.1,3,0.57,11.7,"https://fbref.com/en/players/04ac779b/Marius-Muller"
2025,"Wolves","Premier League","Daniel Bentley","ENG","GK","31-318",1993,2,4,0,1,0,0,3.9,0.33,-0.1,-0.04,7,21,33.3,52,6,25,28.1,13,61.5,46.4,25,0,0,3,1.5,16.4,"https://fbref.com/en/players/68db6358/Daniel-Bentley"
2025,"Wolves","Premier League","Sam Johnstone","ENG","GK","32-063",1993,7,17,2,0,5,1,13,0.29,-3,-0.43,52,129,40.3,252,28,45.6,36.6,25,56,43.2,104,8,7.7,11,1.57,13.4,"https://fbref.com/en/players/9e5708be/Sam-Johnstone"
2025,"Wolves","Premier League","Tom King","WAL","GK","30-079",1995,0,0,0,0,0,0,0,NA,0,0,0,0,NA,1,1,0,14,0,NA,NA,1,0,0,0,0,NA,"https://fbref.com/en/players/5791b997/Tom-King"
2025,"Wolves","Premier League","José Sá","POR","GK","32-130",1993,29,48,5,1,6,2,42.8,0.33,-3.2,-0.11,94,382,24.6,771,121,39.3,35.2,150,52.7,41.5,432,32,7.4,43,1.48,15.5,"https://fbref.com/en/players/903b6e8b/Jose-Sa"
