"Season_End_Year","Squad","Comp","Player","Nation","Pos","Age","Born","MP_Playing","Starts_Playing","Min_Playing","Mins_Per_90","GA","GA90","SoTA","Saves","Save_percent","W","D","L","CS","CS_percent","PKatt_Penalty","PKA_Penalty","PKsv_Penalty","PKm_Penalty","Save_percent_Penalty","Url"
2025,"Alavés","La Liga","Jesús Owono","EQG","GK","24-087",2001,6,5,487,5.4,7,1.29,14,7,57.1,1,1,3,0,0,1,1,0,0,0,"https://fbref.com/en/players/d6e3d7fb/Jesus-Owono"
2025,"Alavés","La Liga","Adrian Rodriguez","ESP","GK","24-166",2000,2,1,122,1.4,2,1.48,6,4,83.3,0,1,0,1,100,1,1,0,0,0,"https://fbref.com/en/players/bf17fb4a/Adrian-Rodriguez"
2025,"Alavés","La Liga","Antonio Sivera","ESP","GK","28-289",1996,32,32,2810,31.2,39,1.25,112,75,73.2,9,10,13,8,25,9,9,0,0,0,"https://fbref.com/en/players/9970da54/Antonio-Sivera"
2025,"Angers","Ligue 1","Yahia Fofana","CIV","GK","24-279",2000,33,33,2970,33,51,1.55,186,135,74.2,10,6,17,7,21.2,4,3,0,1,0,"https://fbref.com/en/players/9d420dad/Yahia-Fofana"
2025,"Angers","Ligue 1","Melvin Zinga","FRA","GK","23-072",2002,1,1,90,1,2,2,4,2,75,0,0,1,0,0,1,1,0,0,0,"https://fbref.com/en/players/1d59fe9c/Melvin-Zinga"
2025,"Arsenal","Premier League","David Raya","ESP","GK","29-254",1995,38,38,3420,38,34,0.89,120,86,74.2,20,14,4,13,34.2,3,3,0,0,0,"https://fbref.com/en/players/98ea5115/David-Raya"
2025,"Aston Villa","Premier League","Emiliano Martínez","ARG","GK","32-267",1992,37,37,3194,35.5,45,1.27,142,96,69,18,9,10,8,21.6,2,1,1,0,50,"https://fbref.com/en/players/7956236f/Emiliano-Martinez"
2025,"Aston Villa","Premier League","Robin Olsen","SWE","GK","35-139",1990,4,1,226,2.5,6,2.39,14,8,64.3,1,0,0,1,100,1,1,0,0,0,"https://fbref.com/en/players/e7ee38c3/Robin-Olsen"
2025,"Atalanta","Serie A","Marco Carnesecchi","ITA","GK","24-330",2000,34,34,3060,34,34,1,129,97,75.2,19,7,8,13,38.2,2,2,0,0,0,"https://fbref.com/en/players/8ec56e62/Marco-Carnesecchi"
2025,"Atalanta","Serie A","Juan Musso","ARG","GK","31-021",1994,1,1,90,1,0,0,4,4,100,1,0,0,1,100,0,0,0,0,NA,"https://fbref.com/en/players/a111cf41/Juan-Musso"
2025,"Atalanta","Serie A","Rui Patrício","POR","GK","37-101",1988,3,3,270,3,3,1,14,11,78.6,2,1,0,1,33.3,0,0,0,0,NA,"https://fbref.com/en/players/79b0d6a0/Rui-Patricio"
2025,"Athletic Club","La Liga","Julen Agirrezabala","ESP","GK","24-152",2000,14,14,1206,13.4,9,0.67,34,24,76.5,9,4,1,5,35.7,2,1,1,0,50,"https://fbref.com/en/players/a2c1a8d3/Julen-Agirrezabala"
2025,"Athletic Club","La Liga","Alex Padilla","ESP","GK","21-268",2003,5,3,321,3.6,6,1.68,17,12,70.6,0,1,2,0,0,1,1,0,0,0,"https://fbref.com/en/players/a275838a/Alex-Padilla"
2025,"Athletic Club","La Liga","Unai Simón","ESP","GK","27-350",1997,21,21,1890,21,14,0.67,62,47,79,10,8,3,10,47.6,2,1,1,0,50,"https://fbref.com/en/players/5dcf3e90/Unai-Simon"
2025,"Atlético Madrid","La Liga","Juan Musso","ARG","GK","31-021",1994,2,2,180,2,0,0,2,2,100,2,0,0,2,100,0,0,0,0,NA,"https://fbref.com/en/players/a111cf41/Juan-Musso"
2025,"Atlético Madrid","La Liga","Jan Oblak","SVN","GK","32-140",1993,36,36,3240,36,30,0.83,114,86,78.1,20,10,6,15,41.7,5,5,0,0,0,"https://fbref.com/en/players/ee8508c0/Jan-Oblak"
2025,"Augsburg","Bundesliga","Finn Dahmen","GER","GK","27-061",1998,19,19,1710,19,19,1,82,65,79.3,7,6,6,9,47.4,2,2,0,0,0,"https://fbref.com/en/players/dee3013b/Finn-Dahmen"
2025,"Augsburg","Bundesliga","Nediljko Labrović","CRO","GK","25-229",1999,15,15,1350,15,32,2.13,74,42,60.8,4,4,7,2,13.3,3,3,0,0,0,"https://fbref.com/en/players/208fc867/Nediljko-Labrovic"
2025,"Auxerre","Ligue 1","Théo De Percin","MTQ","GK","24-114",2001,2,2,180,2,3,1.5,9,5,77.8,0,1,1,1,50,2,1,1,0,50,"https://fbref.com/en/players/afbb55d2/Theo-De-Percin"
2025,"Auxerre","Ligue 1","Donovan Léon","GUF","GK","32-205",1992,32,32,2880,32,48,1.5,164,118,73.8,11,8,13,9,28.1,6,5,1,0,16.7,"https://fbref.com/en/players/51c83a90/Donovan-Leon"
2025,"Barcelona","La Liga","Iñaki Peña","ESP","GK","26-086",1999,16,15,1396,15.5,18,1.16,53,35,69.8,7,3,5,4,26.7,2,2,0,0,0,"https://fbref.com/en/players/cc1c5035/Inaki-Pena"
2025,"Barcelona","La Liga","Wojciech Szczęsny","POL","GK","35-039",1990,15,15,1350,15,12,0.8,33,21,66.7,14,1,0,8,53.3,1,1,0,0,0,"https://fbref.com/en/players/01b8a2b2/Wojciech-Szczesny"
2025,"Barcelona","La Liga","Marc-André ter Stegen","GER","GK","33-027",1992,8,8,674,7.5,9,1.2,22,13,63.6,7,0,1,1,12.5,1,1,0,0,0,"https://fbref.com/en/players/6f51e382/Marc-Andre-ter-Stegen"
2025,"Bayern Munich","Bundesliga","Manuel Neuer","GER","GK","39-061",1986,22,22,1980,22,15,0.68,45,30,68.9,18,4,0,13,59.1,2,1,0,1,0,"https://fbref.com/en/players/8778c910/Manuel-Neuer"
2025,"Bayern Munich","Bundesliga","Daniel Peretz","ISR","GK","24-321",2000,3,3,270,3,5,1.67,7,2,28.6,2,0,1,0,0,0,0,0,0,NA,"https://fbref.com/en/players/3f29b3ba/Daniel-Peretz"
2025,"Bayern Munich","Bundesliga","Sven Ulreich","GER","GK","36-297",1988,1,1,90,1,0,0,0,0,NA,1,0,0,1,100,0,0,0,0,NA,"https://fbref.com/en/players/7d3e7da6/Sven-Ulreich"
2025,"Bayern Munich","Bundesliga","Jonas Urbig","GER","GK","21-292",2003,8,8,720,8,12,1.5,28,16,57.1,4,3,1,2,25,0,0,0,0,NA,"https://fbref.com/en/players/925bbcdc/Jonas-Urbig"
2025,"Betis","La Liga","Adrián","ESP","GK","38-144",1987,19,19,1710,19,27,1.42,76,49,65.8,10,5,4,3,15.8,1,1,0,0,0,"https://fbref.com/en/players/f76e6b4e/Adrian"
2025,"Betis","La Liga","Rui Silva","POR","GK","31-109",1994,15,15,1350,15,18,1.2,54,37,72.2,5,5,5,4,26.7,3,3,0,0,0,"https://fbref.com/en/players/ea83bfa6/Rui-Silva"
2025,"Betis","La Liga","Fran Vieites","ESP","GK","26-020",1999,4,4,360,4,5,1.25,11,6,54.5,1,2,1,0,0,0,0,0,0,NA,"https://fbref.com/en/players/2ae958ab/Fran-Vieites"
2025,"Bochum","Bundesliga","Patrick Drewes","GER","GK","32-112",1993,21,21,1890,21,46,2.19,99,51,56.6,2,5,14,2,9.5,5,3,2,0,40,"https://fbref.com/en/players/a8403737/Patrick-Drewes"
2025,"Bochum","Bundesliga","Timo Horn","GER","GK","32-015",1993,13,13,1170,13,22,1.69,54,32,59.3,3,3,7,3,23.1,1,0,0,1,NA,"https://fbref.com/en/players/3cd9e95a/Timo-Horn"
2025,"Bologna","Serie A","Federico Ravaglia","ITA","GK","25-197",1999,12,11,1056,11.7,14,1.19,24,10,45.8,5,2,4,4,36.4,1,1,0,0,0,"https://fbref.com/en/players/6662d731/Federico-Ravaglia"
2025,"Bologna","Serie A","Łukasz Skorupski","POL","GK","34-022",1991,27,27,2364,26.3,33,1.26,82,50,61,11,12,4,8,29.6,2,1,1,0,50,"https://fbref.com/en/players/ab4449d6/Lukasz-Skorupski"
2025,"Bournemouth","Premier League","Kepa Arrizabalaga","ESP","GK","30-236",1994,31,31,2790,31,39,1.26,134,95,73.9,13,7,11,8,25.8,4,4,0,0,0,"https://fbref.com/en/players/28d596a0/Kepa-Arrizabalaga"
2025,"Bournemouth","Premier League","Neto","BRA","GK","35-312",1989,2,2,180,2,2,1,13,11,84.6,0,2,0,0,0,0,0,0,0,NA,"https://fbref.com/en/players/a9dc785c/Neto"
2025,"Bournemouth","Premier League","Mark Travers","IRL","GK","26-009",1999,5,5,450,5,5,1,25,20,80,2,2,1,1,20,0,0,0,0,NA,"https://fbref.com/en/players/fe558029/Mark-Travers"
2025,"Brentford","Premier League","Mark Flekken","NED","GK","31-348",1993,37,37,3275,36.4,55,1.51,203,150,73.4,16,8,13,7,18.9,1,1,0,0,0,"https://fbref.com/en/players/a92ab7be/Mark-Flekken"
2025,"Brentford","Premier League","Hákon Rafn Valdimarsson","ISL","GK","23-226",2001,2,1,145,1.6,2,1.24,4,3,50,0,0,1,1,100,0,0,0,0,NA,"https://fbref.com/en/players/57a34cf4/Hakon-Rafn-Valdimarsson"
2025,"Brest","Ligue 1","Marco Bizot","NED","GK","34-078",1991,32,32,2880,32,54,1.69,128,74,64.1,14,5,13,10,31.3,10,8,1,1,11.1,"https://fbref.com/en/players/3d214e5f/Marco-Bizot"
2025,"Brest","Ligue 1","Grégoire Coudert","FRA","GK","26-054",1999,2,2,180,2,5,2.5,13,9,61.5,1,0,1,0,0,0,0,0,0,NA,"https://fbref.com/en/players/ca95200f/Gregoire-Coudert"
2025,"Brighton","Premier League","Jason Steele","ENG","GK","34-282",1990,2,2,180,2,1,0.5,4,3,75,2,0,0,1,50,0,0,0,0,NA,"https://fbref.com/en/players/28300a16/Jason-Steele"
2025,"Brighton","Premier League","Bart Verbruggen","NED","GK","22-282",2002,36,36,3240,36,58,1.61,143,87,65.7,14,13,9,7,19.4,9,9,0,0,0,"https://fbref.com/en/players/cf134113/Bart-Verbruggen"
2025,"Cagliari","Serie A","Elia Caprile","ITA","GK","23-275",2001,18,18,1620,18,22,1.22,66,44,68.2,5,4,9,5,27.8,1,1,0,0,0,"https://fbref.com/en/players/97d7afbd/Elia-Caprile"
2025,"Cagliari","Serie A","Giuseppe Ciocci","ITA","GK","23-123",2002,1,0,9,0.1,0,0,0,0,NA,0,0,0,0,NA,0,0,0,0,NA,"https://fbref.com/en/players/d6416327/Giuseppe-Ciocci"
2025,"Cagliari","Serie A","Simone Scuffet","ITA","GK","28-361",1996,13,13,1170,13,23,1.77,56,33,67.9,3,3,7,1,7.7,5,5,0,0,0,"https://fbref.com/en/players/41bd99ea/Simone-Scuffet"
2025,"Cagliari","Serie A","Alen Sherri","ALB","GK","27-163",1997,7,7,621,6.9,11,1.59,31,20,64.5,1,2,4,1,14.3,0,0,0,0,NA,"https://fbref.com/en/players/eebf35b6/Alen-Sherri"
2025,"Celta Vigo","La Liga","Vicente Guaita","ESP","GK","38-137",1987,34,34,3060,34,48,1.41,127,79,64.6,14,7,13,8,23.5,3,3,0,0,0,"https://fbref.com/en/players/ab13a5aa/Vicente-Guaita"
2025,"Celta Vigo","La Liga","Iván Villar","ESP","GK","27-322",1997,4,4,360,4,9,2.25,18,10,50,2,0,2,0,0,1,0,1,0,100,"https://fbref.com/en/players/cde52ef5/Ivan-Villar"
2025,"Chelsea","Premier League","Filip Jørgensen","DEN","GK","23-041",2002,6,6,540,6,9,1.5,28,19,71.4,3,0,3,1,16.7,1,1,0,0,0,"https://fbref.com/en/players/0107757e/Filip-Jorgensen"
2025,"Chelsea","Premier League","Robert Sánchez","ESP","GK","27-190",1997,32,32,2880,32,34,1.06,127,92,76.4,17,9,6,10,31.3,5,4,1,0,20,"https://fbref.com/en/players/6a713852/Robert-Sanchez"
2025,"Como","Serie A","Emil Audero","IDN","GK","28-129",1997,8,8,720,8,18,2.25,34,16,58.8,2,2,4,0,0,4,4,0,0,0,"https://fbref.com/en/players/649b01d8/Emil-Audero"
2025,"Como","Serie A","Jean Butez","FRA","GK","29-353",1995,19,18,1666,18.5,20,1.08,68,48,73.5,8,4,6,5,27.8,2,2,0,0,0,"https://fbref.com/en/players/7f40333d/Jean-Butez"
2025,"Como","Serie A","Pepe Reina","ESP","GK","42-269",1982,12,12,1034,11.5,14,1.22,41,27,68.3,3,4,5,2,16.7,1,1,0,0,0,"https://fbref.com/en/players/e358587b/Pepe-Reina"
2025,"Crystal Palace","Premier League","Dean Henderson","ENG","GK","28-076",1997,38,38,3420,38,51,1.34,150,101,66.7,13,14,11,11,28.9,2,1,1,0,50,"https://fbref.com/en/players/e5a76dfe/Dean-Henderson"
2025,"Dortmund","Bundesliga","Gregor Kobel","SUI","GK","27-172",1997,32,32,2880,32,47,1.47,129,82,66.7,16,6,10,7,21.9,4,4,0,0,0,"https://fbref.com/en/players/cd59b9df/Gregor-Kobel"
2025,"Dortmund","Bundesliga","Alexander Meyer","GER","GK","34-044",1991,2,2,180,2,4,2,11,7,63.6,1,0,1,0,0,0,0,0,0,NA,"https://fbref.com/en/players/b56dd813/Alexander-Meyer"
2025,"Eint Frankfurt","Bundesliga","Kauã Santos","BRA","GK","22-046",2003,9,8,765,8.5,12,1.41,46,35,76.1,5,1,2,3,37.5,1,1,0,0,0,"https://fbref.com/en/players/c7c50cb5/Kaua-Santos"
2025,"Eint Frankfurt","Bundesliga","Kevin Trapp","GER","GK","34-323",1990,26,26,2295,25.5,34,1.33,117,82,70.9,12,8,6,6,23.1,2,0,2,0,100,"https://fbref.com/en/players/ce17b5eb/Kevin-Trapp"
2025,"Empoli","Serie A","Jacopo Seghetti","ITA","GK","20-099",2005,1,1,90,1,3,3,6,3,50,0,0,1,0,0,0,0,0,0,NA,"https://fbref.com/en/players/70a10677/Jacopo-Seghetti"
2025,"Empoli","Serie A","Marco Silvestri","ITA","GK","34-086",1991,5,5,450,5,11,2.2,27,17,59.3,0,1,4,0,0,0,0,0,0,NA,"https://fbref.com/en/players/0d422df7/Marco-Silvestri"
2025,"Empoli","Serie A","Devis Vásquez","COL","GK","27-015",1998,32,32,2880,32,45,1.41,125,79,64.8,6,12,14,6,18.8,3,1,1,1,50,"https://fbref.com/en/players/fac1f795/Devis-Vasquez"
2025,"Espanyol","La Liga","Joan García","ESP","GK","24-023",2001,38,38,3420,38,51,1.34,192,140,75.5,11,9,18,8,21.1,6,4,2,0,33.3,"https://fbref.com/en/players/87b498b0/Joan-Garcia"
2025,"Everton","Premier League","Jordan Pickford","ENG","GK","31-081",1994,38,38,3420,38,44,1.16,163,117,73,11,15,12,12,31.6,2,0,2,0,100,"https://fbref.com/en/players/4806ec67/Jordan-Pickford"
2025,"Fiorentina","Serie A","David de Gea","ESP","GK","34-201",1990,35,35,3150,35,38,1.09,135,96,72.6,19,5,11,11,31.4,3,1,2,0,66.7,"https://fbref.com/en/players/7ba6d84e/David-de-Gea"
2025,"Fiorentina","Serie A","Pietro Terracciano","ITA","GK","35-080",1990,3,3,270,3,3,1,13,10,76.9,0,3,0,1,33.3,0,0,0,0,NA,"https://fbref.com/en/players/e1b0a70d/Pietro-Terracciano"
2025,"Freiburg","Bundesliga","Noah Atubolu","GER","GK","23-002",2002,26,26,2307,25.6,37,1.44,120,81,69.2,12,6,8,10,38.5,2,0,2,0,100,"https://fbref.com/en/players/dbd1b101/Noah-Atubolu"
2025,"Freiburg","Bundesliga","Florian Müller","GER","GK","27-195",1997,9,8,753,8.4,16,1.91,30,15,53.3,4,1,3,1,12.5,2,2,0,0,0,"https://fbref.com/en/players/cbac6ec9/Florian-Muller"
2025,"Fulham","Premier League","Bernd Leno","GER","GK","33-084",1992,38,38,3420,38,54,1.42,159,106,67.9,15,9,14,5,13.2,4,3,1,0,25,"https://fbref.com/en/players/2628fd2b/Bernd-Leno"
2025,"Genoa","Serie A","Pierluigi Gollini","ITA","GK","30-070",1995,7,7,630,7,15,2.14,32,16,62.5,1,2,4,1,14.3,4,3,1,0,25,"https://fbref.com/en/players/f0f7f62f/Pierluigi-Gollini"
2025,"Genoa","Serie A","Nicola Leali","ITA","GK","32-099",1993,29,29,2610,29,31,1.07,111,82,74.8,8,10,11,10,34.5,4,3,1,0,25,"https://fbref.com/en/players/5f9970a0/Nicola-Leali"
2025,"Genoa","Serie A","Benjamin Siegrist","SUI","GK","33-116",1992,2,2,152,1.7,2,1.18,12,10,83.3,1,1,0,0,0,0,0,0,0,NA,"https://fbref.com/en/players/46912ffe/Benjamin-Siegrist"
2025,"Genoa","Serie A","Daniele Sommariva","ITA","GK","27-313",1997,1,0,28,0.3,1,3.21,3,2,66.7,0,0,0,0,NA,0,0,0,0,NA,"https://fbref.com/en/players/a8e7f7e9/Daniele-Sommariva"
2025,"Getafe","La Liga","David Soria","ESP","GK","32-053",1993,38,38,3420,38,39,1.03,126,86,75.4,11,9,18,9,23.7,9,8,1,0,11.1,"https://fbref.com/en/players/8f8c6934/David-Soria"
2025,"Girona","La Liga","Paulo Gazzaniga","ARG","GK","33-145",1992,36,36,3195,35.5,51,1.44,143,90,65.7,11,8,17,8,22.2,5,2,3,0,60,"https://fbref.com/en/players/63d17038/Paulo-Gazzaniga"
2025,"Girona","La Liga","Pau López","ESP","GK","30-165",1994,1,0,45,0.5,2,4,3,1,33.3,0,0,0,0,NA,0,0,0,0,NA,"https://fbref.com/en/players/20b9f052/Pau-Lopez"
2025,"Girona","La Liga","Krapyvtsov Vladyslav","UKR","GK","19-336",2005,2,2,180,2,7,3.5,18,11,66.7,0,0,2,0,0,1,1,0,0,0,"https://fbref.com/en/players/66daeaf7/Krapyvtsov-Vladyslav"
2025,"Gladbach","Bundesliga","Tiago Cardoso","LUX","GK","19-050",2006,5,4,380,4.2,3,0.71,23,20,87,2,1,1,2,50,0,0,0,0,NA,"https://fbref.com/en/players/79268b9c/Tiago-Cardoso"
2025,"Gladbach","Bundesliga","Moritz Nicolas","GER","GK","27-218",1997,19,19,1639,18.2,25,1.37,92,69,78.3,9,4,6,4,21.1,5,5,0,0,0,"https://fbref.com/en/players/226ddf9d/Moritz-Nicolas"
2025,"Gladbach","Bundesliga","Jonas Omlin","SUI","GK","31-137",1994,12,11,978,10.9,26,2.39,72,45,66.7,2,1,8,1,9.1,3,2,1,0,33.3,"https://fbref.com/en/players/c631f952/Jonas-Omlin"
2025,"Gladbach","Bundesliga","Tobias Sippel","GER","GK","37-066",1988,1,0,59,0.7,3,4.58,4,1,25,0,0,0,0,NA,0,0,0,0,NA,"https://fbref.com/en/players/0d8a37c2/Tobias-Sippel"
2025,"Heidenheim","Bundesliga","Frank Feller","GER","GK","21-140",2004,2,1,121,1.3,0,0,2,2,100,1,0,0,2,200,0,0,0,0,NA,"https://fbref.com/en/players/ccd0981f/Frank-Feller"
2025,"Heidenheim","Bundesliga","Kevin Müller","GER","GK","34-073",1991,33,33,2939,32.7,64,1.96,169,105,65.7,7,5,21,7,21.2,6,6,0,0,0,"https://fbref.com/en/players/f256f213/Kevin-Muller"
2025,"Hellas Verona","Serie A","Lorenzo Montipò","ITA","GK","29-096",1996,36,36,3240,36,64,1.78,161,97,61.5,9,7,20,8,22.2,4,2,1,1,33.3,"https://fbref.com/en/players/c1d95617/Lorenzo-Montipo"
2025,"Hellas Verona","Serie A","Simone Perilli","ITA","GK","30-140",1995,2,2,180,2,2,1,11,9,81.8,1,0,1,0,0,0,0,0,0,NA,"https://fbref.com/en/players/b9e11c1d/Simone-Perilli"
2025,"Hoffenheim","Bundesliga","Oliver Baumann","GER","GK","34-359",1990,28,28,2520,28,53,1.89,138,84,63,6,8,14,4,14.3,5,2,3,0,60,"https://fbref.com/en/players/47064058/Oliver-Baumann"
2025,"Hoffenheim","Bundesliga","Luca Philipp","GER","GK","24-180",2000,6,6,540,6,15,2.5,35,21,60,1,3,2,0,0,1,1,0,0,0,"https://fbref.com/en/players/eb3e717e/Luca-Philipp"
2025,"Holstein Kiel","Bundesliga","Thomas Dähne","GER","GK","31-143",1994,9,9,810,9,19,2.11,55,36,69.1,2,2,5,0,0,3,2,1,0,33.3,"https://fbref.com/en/players/f194035d/Thomas-Dahne"
2025,"Holstein Kiel","Bundesliga","Timon Weiner","GER","GK","26-129",1999,25,25,2250,25,61,2.44,140,81,59.3,4,5,16,2,8,4,4,0,0,0,"https://fbref.com/en/players/1fb2d1b0/Timon-Weiner"
2025,"Inter","Serie A","Josep Martinez","ESP","GK","27-000",1998,5,5,450,5,3,0.6,14,11,78.6,4,1,0,3,60,0,0,0,0,NA,"https://fbref.com/en/players/11d8aff0/Josep-Martinez"
2025,"Inter","Serie A","Yann Sommer","SUI","GK","36-161",1988,33,33,2970,33,32,0.97,116,84,75,20,8,5,13,39.4,4,3,1,0,25,"https://fbref.com/en/players/420c18a1/Yann-Sommer"
2025,"Ipswich Town","Premier League","Arijanet Muric","KVX","GK","26-201",1998,18,18,1620,18,33,1.83,100,67,70,2,6,10,1,5.6,3,3,0,0,0,"https://fbref.com/en/players/99aa1a84/Arijanet-Muric"
2025,"Ipswich Town","Premier League","Alex Palmer","ENG","GK","28-290",1996,13,13,1170,13,30,2.31,71,43,59.2,1,3,9,0,0,1,1,0,0,0,"https://fbref.com/en/players/6ea97fd5/Alex-Palmer"
2025,"Ipswich Town","Premier League","Christian Walton","ENG","GK","29-199",1995,7,7,630,7,19,2.71,39,20,56.4,1,1,5,1,14.3,2,2,0,0,0,"https://fbref.com/en/players/c666574f/Christian-Walton"
2025,"Juventus","Serie A","Michele Di Gregorio","ITA","GK","27-304",1997,33,33,2970,33,32,0.97,103,71,73.8,16,13,4,14,42.4,5,5,0,0,0,"https://fbref.com/en/players/4e0c8d66/Michele-Di-Gregorio"
2025,"Juventus","Serie A","Mattia Perin","ITA","GK","32-198",1992,5,5,450,5,3,0.6,16,13,81.3,2,3,0,3,60,0,0,0,0,NA,"https://fbref.com/en/players/4c62d0c8/Mattia-Perin"
2025,"Las Palmas","La Liga","Jasper Cillessen","NED","GK","36-035",1989,27,27,2335,25.9,42,1.62,128,85,70.3,6,8,13,3,11.1,8,4,3,1,42.9,"https://fbref.com/en/players/04ac8285/Jasper-Cillessen"
2025,"Las Palmas","La Liga","Dinko Horkaš","CRO","GK","26-078",1999,13,11,1085,12.1,19,1.58,54,35,66.7,2,0,9,1,9.1,2,1,1,0,50,"https://fbref.com/en/players/8fafc04d/Dinko-Horkas"
2025,"Lazio","Serie A","Christos Mandas","GRE","GK","23-252",2001,9,9,810,9,7,0.78,27,20,74.1,3,5,1,4,44.4,0,0,0,0,NA,"https://fbref.com/en/players/f794e9ab/Christos-Mandas"
2025,"Lazio","Serie A","Ivan Provedel","ITA","GK","31-071",1994,29,29,2610,29,42,1.45,92,52,58.7,15,6,8,5,17.2,4,4,0,0,0,"https://fbref.com/en/players/277da414/Ivan-Provedel"
2025,"Le Havre","Ligue 1","Arthur Desmas","FRA","GK","31-050",1994,18,18,1620,18,38,2.11,93,54,61.3,5,0,13,3,16.7,3,2,1,0,33.3,"https://fbref.com/en/players/e8c5dd4d/Arthur-Desmas"
2025,"Le Havre","Ligue 1","Mathieu Gorgelin","FRA","GK","34-295",1990,16,16,1440,16,33,2.06,82,50,63.4,5,4,7,1,6.3,3,3,0,0,0,"https://fbref.com/en/players/4d3e9033/Mathieu-Gorgelin"
2025,"Lecce","Serie A","Wladimiro Falcone","ITA","GK","30-045",1995,38,38,3420,38,58,1.53,181,125,72.4,8,10,20,9,23.7,10,8,1,1,11.1,"https://fbref.com/en/players/9f5a610b/Wladimiro-Falcone"
2025,"Leganés","La Liga","Marko Dmitrović","SRB","GK","33-123",1992,32,32,2880,32,49,1.53,150,103,72,8,11,13,10,31.3,8,7,0,1,0,"https://fbref.com/en/players/ac295d9e/Marko-Dmitrovic"
2025,"Leganés","La Liga","Juan Soriano","ESP","GK","27-277",1997,6,6,540,6,7,1.17,25,19,72,1,2,3,1,16.7,0,0,0,0,NA,"https://fbref.com/en/players/5512b1a9/Juan-Soriano"
2025,"Leicester City","Premier League","Mads Hermansen","DEN","GK","24-320",2000,27,27,2385,26.5,58,2.19,155,99,64.5,3,6,18,1,3.7,4,3,1,0,25,"https://fbref.com/en/players/c924b17d/Mads-Hermansen"
2025,"Leicester City","Premier League","Jakub Stolarczyk","POL","GK","24-159",2000,10,10,900,10,16,1.6,44,28,63.6,3,1,6,2,20,0,0,0,0,NA,"https://fbref.com/en/players/a4a76b3d/Jakub-Stolarczyk"
2025,"Leicester City","Premier League","Danny Ward","WAL","GK","31-339",1993,2,1,135,1.5,6,4,10,4,40,0,0,1,0,0,0,0,0,0,NA,"https://fbref.com/en/players/d3ce0e89/Danny-Ward"
2025,"Lens","Ligue 1","Hervé Koffi","BFA","GK","28-223",1996,5,5,450,5,8,1.6,26,18,76.9,1,0,4,0,0,2,2,0,0,0,"https://fbref.com/en/players/faf873a7/Herve-Koffi"
2025,"Lens","Ligue 1","Mathew Ryan","AUS","GK","33-049",1992,14,14,1260,14,17,1.21,62,44,75.8,8,1,5,6,42.9,3,2,1,0,33.3,"https://fbref.com/en/players/4535e4bb/Mathew-Ryan"
2025,"Lens","Ligue 1","Brice Samba","FRA","GK","31-032",1994,15,15,1350,15,14,0.93,54,40,81.5,6,6,3,7,46.7,4,4,0,0,0,"https://fbref.com/en/players/60d90c55/Brice-Samba"
2025,"Leverkusen","Bundesliga","Lukáš Hrádecký","FIN","GK","35-184",1989,29,29,2610,29,38,1.31,118,83,71.2,16,11,2,6,20.7,4,4,0,0,0,"https://fbref.com/en/players/ad3389d5/Lukas-Hradecky"
2025,"Leverkusen","Bundesliga","Matej Kovar","CZE","GK","25-010",2000,5,5,450,5,5,1,16,12,68.8,3,1,1,3,60,0,0,0,0,NA,"https://fbref.com/en/players/bc67a0e1/Matej-Kovar"
2025,"Lille","Ligue 1","Lucas Chevalier","FRA","GK","23-202",2001,34,34,3060,34,36,1.06,126,91,74.6,17,9,8,11,32.4,4,4,0,0,0,"https://fbref.com/en/players/b3d76d84/Lucas-Chevalier"
2025,"Liverpool","Premier League","Alisson","BRA","GK","32-237",1992,28,28,2508,27.9,29,1.04,100,73,72,18,7,3,9,32.1,1,1,0,0,0,"https://fbref.com/en/players/7a2e46a8/Alisson"
2025,"Liverpool","Premier League","Vitezslav Jaros","CZE","GK","23-308",2001,1,0,12,0.1,0,0,1,1,100,0,0,0,1,NA,0,0,0,0,NA,"https://fbref.com/en/players/12bb4d6a/Vitezslav-Jaros"
2025,"Liverpool","Premier League","Caoimhín Kelleher","IRL","GK","26-185",1998,10,10,900,10,12,1.2,37,24,67.6,7,2,1,4,40,1,0,1,0,100,"https://fbref.com/en/players/62d7ef38/Caoimhin-Kelleher"
2025,"Lyon","Ligue 1","Rémy Descamps","FRA","GK","28-336",1996,1,1,90,1,2,2,6,4,66.7,0,0,1,0,0,0,0,0,0,NA,"https://fbref.com/en/players/477e50ce/Remy-Descamps"
2025,"Lyon","Ligue 1","Lucas Perri","BRA","GK","27-168",1997,33,33,2970,33,44,1.33,160,116,74.4,17,6,10,10,30.3,3,3,0,0,0,"https://fbref.com/en/players/5dbd461a/Lucas-Perri"
2025,"Mainz 05","Bundesliga","Lasse Rieß","GER","GK","23-304",2001,2,2,180,2,2,1,8,6,75,1,1,0,0,0,0,0,0,0,NA,"https://fbref.com/en/players/25877714/Lasse-Riess"
2025,"Mainz 05","Bundesliga","Robin Zentner","GER","GK","30-211",1994,32,32,2880,32,41,1.28,142,100,73.9,13,9,10,9,28.1,5,4,1,0,20,"https://fbref.com/en/players/5c4bf6ba/Robin-Zentner"
2025,"Mallorca","La Liga","Dominik Greif","SVK","GK","28-051",1997,31,31,2790,31,34,1.1,116,83,72.4,11,8,12,7,22.6,2,2,0,0,0,"https://fbref.com/en/players/30061f53/Dominik-Greif"
2025,"Mallorca","La Liga","Leo Román","ESP","GK","24-325",2000,7,7,630,7,10,1.43,49,39,81.6,2,1,4,2,28.6,1,1,0,0,0,"https://fbref.com/en/players/924ff27e/Leo-Roman"
2025,"Manchester City","Premier League","Ederson","BRA","GK","31-283",1993,26,26,2320,25.8,26,1.01,78,53,69.2,16,4,6,10,38.5,2,2,0,0,0,"https://fbref.com/en/players/3bb7b8b4/Ederson"
2025,"Manchester City","Premier League","Stefan Ortega","GER","GK","32-202",1992,13,12,1100,12.2,18,1.47,50,33,68,5,4,3,3,25,2,2,0,0,0,"https://fbref.com/en/players/c1242d4e/Stefan-Ortega"
2025,"Manchester Utd","Premier League","Altay Bayındır","TUR","GK","27-043",1998,4,4,360,4,10,2.5,17,8,41.2,1,0,3,1,25,0,0,0,0,NA,"https://fbref.com/en/players/072e68ed/Altay-Bayindir"
2025,"Manchester Utd","Premier League","André Onana","CMR","GK","29-055",1996,34,34,3060,34,44,1.29,132,88,68.9,10,9,15,9,26.5,4,3,1,0,25,"https://fbref.com/en/players/e9c0c1b2/Andre-Onana"
2025,"Marseille","Ligue 1","Gerónimo Rulli","ARG","GK","33-007",1992,34,34,3060,34,47,1.38,135,87,67.4,20,5,9,5,14.7,6,3,3,0,50,"https://fbref.com/en/players/625c144a/Geronimo-Rulli"
2025,"Milan","Serie A","Mike Maignan","FRA","GK","29-328",1995,37,37,3294,36.6,41,1.12,136,97,70.6,17,9,11,12,32.4,2,1,1,0,50,"https://fbref.com/en/players/fcb38f57/Mike-Maignan"
2025,"Milan","Serie A","Marco Sportiello","ITA","GK","33-017",1992,2,1,126,1.4,2,1.43,6,4,66.7,1,0,0,1,100,0,0,0,0,NA,"https://fbref.com/en/players/ac4003af/Marco-Sportiello"
2025,"Monaco","Ligue 1","Philipp Köhn","SUI","GK","27-055",1998,19,19,1710,19,19,1,63,44,71.4,11,5,3,8,42.1,1,1,0,0,0,"https://fbref.com/en/players/ff74841d/Philipp-Kohn"
2025,"Monaco","Ligue 1","Radosław Majecki","POL","GK","25-192",1999,15,15,1350,15,22,1.47,65,43,69.2,7,2,6,3,20,2,2,0,0,0,"https://fbref.com/en/players/20de219a/Radoslaw-Majecki"
2025,"Montpellier","Ligue 1","Dimitry Bertaud","COD","GK","26-355",1998,4,4,360,4,11,2.75,21,10,57.1,1,0,3,0,0,2,2,0,0,0,"https://fbref.com/en/players/380a15e2/Dimitry-Bertaud"
2025,"Montpellier","Ligue 1","Benjamin Lecomte","FRA","GK","34-031",1991,30,30,2700,30,68,2.27,173,107,64.2,3,4,23,1,3.3,7,6,1,0,14.3,"https://fbref.com/en/players/2fa2a875/Benjamin-Lecomte"
2025,"Monza","Serie A","Andrea Mazza","ITA","GK","21-069",2004,1,0,8,0.1,0,0,0,0,NA,0,0,0,0,NA,0,0,0,0,NA,"https://fbref.com/en/players/f93a544c/Andrea-Mazza"
2025,"Monza","Serie A","Semuel Pizzignacco","ITA","GK","23-268",2001,9,8,736,8.2,17,2.08,38,22,55.3,1,2,5,1,12.5,0,0,0,0,NA,"https://fbref.com/en/players/4f537cf7/Semuel-Pizzignacco"
2025,"Monza","Serie A","Stefano Turati","ITA","GK","23-264",2001,30,30,2676,29.7,52,1.75,145,93,65.5,2,7,21,2,6.7,4,2,2,0,50,"https://fbref.com/en/players/bf168004/Stefano-Turati"
2025,"Nantes","Ligue 1","Patrik Carlgren","SWE","GK","33-139",1992,5,4,417,4.6,7,1.51,28,21,75,1,2,1,1,25,0,0,0,0,NA,"https://fbref.com/en/players/168c50c5/Patrik-Carlgren"
2025,"Nantes","Ligue 1","Alban Lafont","FRA","GK","26-124",1999,12,12,1080,12,19,1.58,49,32,67.3,2,4,6,2,16.7,3,3,0,0,0,"https://fbref.com/en/players/4e7db402/Alban-Lafont"
2025,"Nantes","Ligue 1","Anthony Lopes","POR","GK","34-238",1990,18,18,1563,17.4,26,1.5,71,46,69,5,6,7,3,16.7,5,4,0,1,0,"https://fbref.com/en/players/f00de885/Anthony-Lopes"
2025,"Napoli","Serie A","Elia Caprile","ITA","GK","23-275",2001,4,3,325,3.6,1,0.28,8,7,87.5,3,0,0,3,100,0,0,0,0,NA,"https://fbref.com/en/players/97d7afbd/Elia-Caprile"
2025,"Napoli","Serie A","Alex Meret","ITA","GK","28-066",1997,34,34,3005,33.4,25,0.75,84,59,71.4,21,9,4,16,47.1,4,1,2,1,66.7,"https://fbref.com/en/players/9413b19f/Alex-Meret"
2025,"Napoli","Serie A","Simone Scuffet","ITA","GK","28-361",1996,1,1,90,1,1,1,4,3,75,0,1,0,0,0,0,0,0,0,NA,"https://fbref.com/en/players/41bd99ea/Simone-Scuffet"
2025,"Newcastle Utd","Premier League","Martin Dúbravka","SVK","GK","36-132",1989,10,10,900,10,12,1.2,41,29,70.7,7,0,3,5,50,0,0,0,0,NA,"https://fbref.com/en/players/3a949a25/Martin-Dubravka"
2025,"Newcastle Utd","Premier League","Nick Pope","ENG","GK","33-038",1992,28,28,2520,28,35,1.25,120,86,71.7,13,6,9,8,28.6,2,1,1,0,50,"https://fbref.com/en/players/4b40d9ca/Nick-Pope"
2025,"Nice","Ligue 1","Marcin Bułka","POL","GK","25-235",1999,34,34,3060,34,41,1.21,161,120,75.8,17,9,8,8,23.5,3,2,1,0,33.3,"https://fbref.com/en/players/db87a2c4/Marcin-Bulka"
2025,"Nott'ham Forest","Premier League","Matz Sels","BEL","GK","33-090",1992,38,38,3420,38,46,1.21,165,119,73.9,19,8,11,13,34.2,3,3,0,0,0,"https://fbref.com/en/players/834b5c4c/Matz-Sels"
2025,"Osasuna","La Liga","Aitor Fernández","ESP","GK","34-024",1991,1,1,90,1,0,0,5,5,100,0,1,0,1,100,0,0,0,0,NA,"https://fbref.com/en/players/a01c3d54/Aitor-Fernandez"
2025,"Osasuna","La Liga","Sergio Herrera","ESP","GK","31-356",1993,37,37,3330,37,52,1.41,182,131,75.3,12,15,10,8,21.6,7,7,0,0,0,"https://fbref.com/en/players/a4995f48/Sergio-Herrera"
2025,"Paris S-G","Ligue 1","Gianluigi Donnarumma","ITA","GK","26-091",1999,24,24,2091,23.2,25,1.08,74,49,67.6,18,5,1,4,16.7,1,1,0,0,0,"https://fbref.com/en/players/08f5afaa/Gianluigi-Donnarumma"
2025,"Paris S-G","Ligue 1","Matvei Safonov","RUS","GK","26-091",1999,10,9,879,9.8,9,0.92,25,17,72,7,1,1,3,33.3,2,2,0,0,0,"https://fbref.com/en/players/d97b252e/Matvei-Safonov"
2025,"Paris S-G","Ligue 1","Arnau Tenas","ESP","GK","23-362",2001,1,1,90,1,1,1,4,3,75,1,0,0,0,0,0,0,0,0,NA,"https://fbref.com/en/players/30670b0e/Arnau-Tenas"
2025,"Parma","Serie A","Leandro Chichizola","ARG","GK","35-061",1990,1,1,90,1,3,3,6,3,50,0,0,1,0,0,0,0,0,0,NA,"https://fbref.com/en/players/8d957256/Leandro-Chichizola"
2025,"Parma","Serie A","Zion Suzuki","JPN","GK","22-279",2002,36,36,3240,36.8,53,1.47,150,99,68,7,15,15,7,19.4,5,5,0,0,0,"https://fbref.com/en/players/51e1f4f5/Zion-Suzuki"
2025,"RB Leipzig","Bundesliga","Péter Gulácsi","HUN","GK","35-021",1990,30,30,2631,29.2,39,1.33,137,97,73,12,11,7,14,46.7,3,2,1,0,33.3,"https://fbref.com/en/players/bcb2ccd8/Peter-Gulacsi"
2025,"RB Leipzig","Bundesliga","Maarten Vandevoordt","BEL","GK","23-090",2002,6,4,429,4.8,9,1.89,21,12,57.1,1,1,2,0,0,0,0,0,0,NA,"https://fbref.com/en/players/f9e0c603/Maarten-Vandevoordt"
2025,"Rayo Vallecano","La Liga","Augusto Batalla","ARG","GK","29-027",1996,32,32,2880,32,39,1.22,133,93,75.2,10,12,10,8,25,8,6,2,0,25,"https://fbref.com/en/players/fc627681/Augusto-Batalla"
2025,"Rayo Vallecano","La Liga","Cárdenas","ESP","GK","28-060",1997,6,6,540,6,6,1,20,14,70,3,1,2,2,33.3,0,0,0,0,NA,"https://fbref.com/en/players/e1846dde/Cardenas"
2025,"Real Madrid","La Liga","Thibaut Courtois","BEL","GK","33-016",1992,30,30,2700,30,29,0.97,104,76,75,20,6,4,11,36.7,3,3,0,0,0,"https://fbref.com/en/players/1840e36d/Thibaut-Courtois"
2025,"Real Madrid","La Liga","Fran","ESP","GK","19-337",2005,1,1,90,1,2,2,2,0,0,0,0,1,0,0,0,0,0,0,NA,"https://fbref.com/en/players/5e550a91/Fran"
2025,"Real Madrid","La Liga","Andriy Lunin","UKR","GK","26-105",1999,7,7,630,7,7,1,20,13,65,6,0,1,4,57.1,0,0,0,0,NA,"https://fbref.com/en/players/3061e1ec/Andriy-Lunin"
2025,"Real Sociedad","La Liga","Unai Marrero","ESP","GK","23-230",2001,2,2,180,2,3,1.5,12,8,75,0,0,2,0,0,1,0,1,0,100,"https://fbref.com/en/players/f0fe87dc/Unai-Marrero"
2025,"Real Sociedad","La Liga","Álex Remiro","ESP","GK","30-064",1995,36,36,3240,36,43,1.19,130,86,70.8,13,7,16,13,36.1,6,5,1,0,16.7,"https://fbref.com/en/players/374ee424/Alex-Remiro"
2025,"Reims","Ligue 1","Yehvann Diouf","FRA","GK","25-192",1999,34,34,3060,34,47,1.38,179,131,76,8,9,17,7,20.6,5,4,1,0,20,"https://fbref.com/en/players/eedea60b/Yehvann-Diouf"
2025,"Rennes","Ligue 1","Gauthier Gallon","FRA","GK","32-034",1993,1,0,45,0.5,0,0,0,0,NA,0,0,0,0,NA,0,0,0,0,NA,"https://fbref.com/en/players/db3164e1/Gauthier-Gallon"
2025,"Rennes","Ligue 1","Steve Mandanda","FRA","GK","40-060",1985,18,17,1486,16.5,23,1.39,51,29,58.8,6,2,9,6,35.3,3,2,1,0,33.3,"https://fbref.com/en/players/1d2d5cc8/Steve-Mandanda"
2025,"Rennes","Ligue 1","Brice Samba","FRA","GK","31-032",1994,17,17,1529,17,27,1.59,87,58,70.1,7,0,10,5,29.4,3,1,2,0,66.7,"https://fbref.com/en/players/60d90c55/Brice-Samba"
2025,"Roma","Serie A","Mile Svilar","SRB","GK","25-273",1999,38,38,3420,38,35,0.92,151,117,79.5,20,9,9,16,42.1,4,4,0,0,0,"https://fbref.com/en/players/bcf5058a/Mile-Svilar"
2025,"Saint-Étienne","Ligue 1","Gautier Larsonneur","FRA","GK","28-093",1997,34,34,3060,34,77,2.26,209,132,69.4,8,6,20,5,14.7,15,13,2,0,13.3,"https://fbref.com/en/players/b49729cb/Gautier-Larsonneur"
2025,"Sevilla","La Liga","Álvaro Fernández","ESP","GK","27-044",1998,9,8,747,8.3,16,1.93,36,20,61.1,2,1,5,3,37.5,2,2,0,0,0,"https://fbref.com/en/players/f127d782/Alvaro-Fernandez"
2025,"Sevilla","La Liga","Ørjan Nyland","NOR","GK","34-259",1990,30,30,2673,29.7,39,1.31,112,73,67.9,8,10,12,7,23.3,4,3,1,0,25,"https://fbref.com/en/players/bdedffac/Orjan-Nyland"
2025,"Southampton","Premier League","Joe Lumley","ENG","GK","30-101",1995,3,3,270,3,7,2.33,20,13,65,0,1,2,0,0,0,0,0,0,NA,"https://fbref.com/en/players/bdf3a08e/Joe-Lumley"
2025,"Southampton","Premier League","Alex McCarthy","ENG","GK","35-175",1989,5,5,450,5,13,2.6,37,24,70.3,0,0,5,0,0,2,2,0,0,0,"https://fbref.com/en/players/36c2ca73/Alex-McCarthy"
2025,"Southampton","Premier League","Aaron Ramsdale","ENG","GK","27-013",1998,30,30,2700,30,66,2.2,188,120,67.6,2,5,23,3,10,7,5,2,0,28.6,"https://fbref.com/en/players/466fb2c5/Aaron-Ramsdale"
2025,"St. Pauli","Bundesliga","Ben Alexander Voll","GER","GK","24-169",2000,2,1,91,1,2,1.98,5,3,60,0,1,0,0,0,0,0,0,0,NA,"https://fbref.com/en/players/ee8ad906/Ben-Alexander-Voll"
2025,"St. Pauli","Bundesliga","Nikola Vasilj","BIH","GK","29-176",1995,33,33,2969,33,39,1.18,135,93,71.9,8,7,18,9,27.3,5,1,4,0,80,"https://fbref.com/en/players/f038585f/Nikola-Vasilj"
2025,"Strasbourg","Ligue 1","Karl-Johan Johnsson","SWE","GK","35-119",1990,3,3,270,3,6,2,22,16,77.3,1,1,1,0,0,1,1,0,0,0,"https://fbref.com/en/players/a56bd2ee/Karl-Johan-Johnsson"
2025,"Strasbourg","Ligue 1","Đorđe Petrović","SRB","GK","25-231",1999,31,31,2790,31,38,1.23,147,110,78.9,15,8,8,10,32.3,8,7,1,0,12.5,"https://fbref.com/en/players/0cf321c8/Djordje-Petrovic"
2025,"Stuttgart","Bundesliga","Alexander Nübel","GER","GK","28-239",1996,34,34,3060,34,53,1.56,136,83,62.5,14,8,12,7,20.6,3,2,1,0,33.3,"https://fbref.com/en/players/afb0c500/Alexander-Nubel"
2025,"Torino","Serie A","Vanja Milinković-Savić","SRB","GK","28-096",1997,37,37,3330,37,42,1.14,173,129,77.5,10,14,13,10,27,7,3,4,0,57.1,"https://fbref.com/en/players/9fa26bc2/Vanja-Milinkovic-Savic"
2025,"Torino","Serie A","Alberto Paleari","ITA","GK","32-271",1992,1,1,90,1,3,3,7,4,57.1,0,0,1,0,0,0,0,0,0,NA,"https://fbref.com/en/players/94a3606c/Alberto-Paleari"
2025,"Tottenham","Premier League","Brandon Austin","ENG","GK","26-139",1999,1,1,90,1,2,2,4,2,50,0,0,1,0,0,0,0,0,0,NA,"https://fbref.com/en/players/5e253986/Brandon-Austin"
2025,"Tottenham","Premier League","Fraser Forster","ENG","GK","37-071",1988,7,7,630,7,15,2.14,42,27,69,1,2,4,1,14.3,2,2,0,0,0,"https://fbref.com/en/players/c3e39f12/Fraser-Forster"
2025,"Tottenham","Premier League","Antonín Kinský","CZE","GK","22-075",2003,6,6,540,6,11,1.83,32,23,65.6,1,0,5,1,16.7,0,0,0,0,NA,"https://fbref.com/en/players/b38ac6a4/Antonin-Kinsky"
2025,"Tottenham","Premier League","Guglielmo Vicario","ITA","GK","28-232",1996,24,24,2160,24,37,1.54,102,67,64.7,9,3,12,4,16.7,1,1,0,0,0,"https://fbref.com/en/players/77d6fd4d/Guglielmo-Vicario"
2025,"Toulouse","Ligue 1","Álex Domínguez","ESP","GK","26-301",1998,1,0,19,0.2,0,0,0,0,NA,0,0,0,1,NA,0,0,0,0,NA,"https://fbref.com/en/players/f240be08/Alex-Dominguez"
2025,"Toulouse","Ligue 1","Kjetil Haug","NOR","GK","26-349",1998,6,5,498,5.5,7,1.27,16,9,56.3,2,2,1,1,20,0,0,0,0,NA,"https://fbref.com/en/players/d3ae48eb/Kjetil-Haug"
2025,"Toulouse","Ligue 1","Guillaume Restes","FRA","GK","20-077",2005,29,29,2543,28.3,36,1.27,92,58,62,9,7,13,8,27.6,2,1,1,0,50,"https://fbref.com/en/players/6b91b999/Guillaume-Restes"
2025,"Udinese","Serie A","Maduka Okoye","NGA","GK","25-272",1999,25,25,2250,25,40,1.6,110,73,67.3,6,4,15,4,16,5,4,0,1,0,"https://fbref.com/en/players/ab5c36dd/Maduka-Okoye"
2025,"Udinese","Serie A","Daniele Padelli","ITA","GK","39-214",1985,1,1,90,1,0,0,3,3,100,1,0,0,1,100,0,0,0,0,NA,"https://fbref.com/en/players/cf1c23d8/Daniele-Padelli"
2025,"Udinese","Serie A","Razvan Sava","ROU","GK","22-340",2002,12,12,1080,12,16,1.33,51,37,74.5,5,4,3,4,33.3,3,3,0,0,0,"https://fbref.com/en/players/41efbd34/Razvan-Sava"
2025,"Union Berlin","Bundesliga","Frederik Rønnow","DEN","GK","32-296",1992,28,28,2520,28,37,1.32,111,71,67.6,8,11,9,8,28.6,5,1,4,0,80,"https://fbref.com/en/players/a70b8345/Frederik-Ronnow"
2025,"Union Berlin","Bundesliga","Alexander Schwolow","GER","GK","32-359",1992,6,6,540,6,13,2.17,28,15,57.1,2,0,4,0,0,1,1,0,0,0,"https://fbref.com/en/players/0d55d942/Alexander-Schwolow"
2025,"Valencia","La Liga","Stole Dimitrievski","MKD","GK","31-153",1993,4,4,360,4,6,1.5,12,6,58.3,0,2,2,0,0,2,1,0,1,0,"https://fbref.com/en/players/fc70e345/Stole-Dimitrievski"
2025,"Valencia","La Liga","Giorgi Mamardashvili","GEO","GK","24-240",2000,34,34,3060,34,48,1.41,136,89,68.4,11,11,12,8,23.5,7,5,2,0,28.6,"https://fbref.com/en/players/d4b73232/Giorgi-Mamardashvili"
2025,"Valladolid","La Liga","André Ferreira","POR","GK","28-363",1996,6,6,540,6,20,3.33,39,19,56.4,0,0,6,0,0,3,3,0,0,0,"https://fbref.com/en/players/12c6cbef/Andre-Ferreira"
2025,"Valladolid","La Liga","Karl Jakob Hein","EST","GK","23-044",2002,31,31,2790,31,68,2.19,163,96,60.7,4,4,23,5,16.1,4,4,0,0,0,"https://fbref.com/en/players/aa81d8f8/Karl-Jakob-Hein"
2025,"Valladolid","La Liga","Arnau Rafús","ESP","GK","22-030",2003,1,1,90,1,2,2,2,0,0,0,0,1,0,0,0,0,0,0,NA,"https://fbref.com/en/players/05d950c4/Arnau-Rafus"
2025,"Venezia","Serie A","Jesse Joronen","FIN","GK","32-067",1993,8,7,703,7.8,15,1.92,40,27,70,1,1,5,2,28.6,3,3,0,0,0,"https://fbref.com/en/players/7f66ea09/Jesse-Joronen"
2025,"Venezia","Serie A","Ionuț Radu","ROU","GK","27-364",1997,15,15,1350,15,18,1.2,65,47,76.9,2,7,6,4,26.7,3,3,0,0,0,"https://fbref.com/en/players/67f649be/Ionut-Radu"
2025,"Venezia","Serie A","Filip Stankovic","SRB","GK","23-091",2002,16,16,1367,15.2,23,1.51,83,60,77.1,2,6,8,0,0,5,4,1,0,20,"https://fbref.com/en/players/d34d8ed2/Filip-Stankovic"
2025,"Villarreal","La Liga","Diego Conde","ESP","GK","26-211",1998,22,22,1962,21.8,33,1.51,94,62,68.1,11,6,5,2,9.1,4,3,0,1,0,"https://fbref.com/en/players/4eae5bc4/Diego-Conde"
2025,"Villarreal","La Liga","Luiz Lúcio Reis Júnior","BRA","GK","24-133",2001,17,16,1458,16.2,18,1.11,66,48,78.8,9,4,3,5,31.3,4,4,0,0,0,"https://fbref.com/en/players/d0530e29/Luiz-Lucio-Reis-Junior"
2025,"Werder Bremen","Bundesliga","Michael Zetterer","GER","GK","29-319",1995,34,34,3060,34,57,1.68,156,102,65.4,14,9,11,10,29.4,3,3,0,0,0,"https://fbref.com/en/players/9b688ae1/Michael-Zetterer"
2025,"West Ham","Premier League","Alphonse Areola","FRA","GK","32-089",1993,26,25,2260,25.1,41,1.63,115,77,64.3,5,7,13,5,20,0,0,0,0,NA,"https://fbref.com/en/players/2f965a72/Alphonse-Areola"
2025,"West Ham","Premier League","Łukasz Fabiański","POL","GK","40-039",1985,14,13,1160,12.9,21,1.63,71,50,74.6,6,3,4,2,15.4,3,3,0,0,0,"https://fbref.com/en/players/9328b835/Lukasz-Fabianski"
2025,"Wolfsburg","Bundesliga","Kamil Grabara","POL","GK","26-139",1999,29,29,2585,28.7,49,1.71,137,88,65.7,9,7,13,5,17.2,3,2,1,0,33.3,"https://fbref.com/en/players/62182b1d/Kamil-Grabara"
2025,"Wolfsburg","Bundesliga","Marius Müller","GER","GK","31-319",1993,6,5,475,5.3,5,0.95,23,18,78.3,2,3,0,1,20,0,0,0,0,NA,"https://fbref.com/en/players/04ac779b/Marius-Muller"
2025,"Wolves","Premier League","Daniel Bentley","ENG","GK","31-318",1993,2,2,180,2,4,2,12,8,66.7,1,0,1,1,50,0,0,0,0,NA,"https://fbref.com/en/players/68db6358/Daniel-Bentley"
2025,"Wolves","Premier League","Sam Johnstone","ENG","GK","32-063",1993,7,7,630,7,17,2.43,39,23,61.5,0,1,6,0,0,2,2,0,0,0,"https://fbref.com/en/players/9e5708be/Sam-Johnstone"
2025,"Wolves","Premier League","Tom King","WAL","GK","30-079",1995,1,0,1,0,0,0,0,0,NA,0,0,0,0,NA,0,0,0,0,NA,"https://fbref.com/en/players/5791b997/Tom-King"
2025,"Wolves","Premier League","José Sá","POR","GK","32-130",1993,29,29,2609,29,48,1.66,117,69,63.2,11,5,13,7,24.1,7,5,2,0,28.6,"https://fbref.com/en/players/903b6e8b/Jose-Sa"
